barrio,localidad,area_has,listing_count,area_km2,density_per_km2
LAS GRANJAS,Metropolitana,42.01,0.0,0.41971960551467935,0.0
VILLA DEL CARMEN,Suroriental,2.85,0.0,0.028505677246156273,0.0
7 DE ABRIL,Metropolitana,114.63,5.0,1.1453614776427443,4.36543405518618
20 DE JULIO,Metropolitana,32.26,1.0,0.3223486027873846,3.102231532424486
BELLA ARENA,Suroriental,10.43,0.0,0.10416946623369967,0.0
EL MILAGRO,Suroriental,7.31,0.0,0.07308733746579243,0.0
LOS LAURELES,Suroriental,4.5,0.0,0.04497706317965004,0.0
VILLA SAN CARLOS,Metropolitana,13.96,0.0,0.13952479165004683,0.0
SANTA MARIA,Metropolitana,76.39,0.0,0.7632504049898514,0.0
VILLA BLANCA,"Suroriente, Metropolitana",19.73,0.0,0.19715256091126449,0.0
SAN NICOLAS,"Suroriente, Metropolitana",17.0,1.0,0.16989335405995562,5.886045428516871
LAS DUNAS,Suroriental,3.96,0.0,0.039606880734550785,0.0
VILLA SAN PEDRO II,Metropolitana,36.22,0.0,0.36194914296216363,0.0
CARRIZAL,Metropolitana,107.95,0.0,1.0785791017411235,0.0
LAS GARDENIAS,Metropolitana,23.8,0.0,0.23783869951066777,0.0
BUENOS AIRES,Metropolitana,26.99,0.0,0.2696686660224493,0.0
SAN LUIS,Metropolitana,29.17,5.0,0.29148314322112157,17.153650618509207
SANTO DOMINGO DE GUZMAN,Metropolitana,112.85,1.0,1.127560107356723,0.8868706807517738
LA MAGDALENA,Suroriental,43.28,1.0,0.4323957719716682,2.3126960641639274
TAYRONA,Suroriental,18.79,0.0,0.18773696409362983,0.0
SAN PEDRO,Suroccidente,6.18,0.0,0.06179229664323098,0.0
LAS AMERICAS,Metropolitana,72.92,0.0,0.7286108305121586,0.0
CORDIALIDAD,Suroccidente,25.36,0.0,0.25343237541478525,0.0
CALIFORNIA,Suroccidente,8.7,0.0,0.0869247574763915,0.0
SANTA HELENA,Suroriental,23.06,0.0,0.23041741887398232,0.0
PRIMERO DE MAYO,Suroriental,26.17,0.0,0.2615058051035017,0.0
EL ROMANCE,Suroccidente,8.54,0.0,0.08537942614720455,0.0
EL SANTUARIO,Metropolitana,47.93,1.0,0.47886535123337937,2.08826969298232
VILLA FLOR,Suroccidente,3.9,0.0,0.03900103870687413,0.0
LA ALBORAYA,Suroriental,34.46,3.0,0.34429382187312313,8.713487752055975
LA GLORIA,Suroccidente,7.7,0.0,0.07692157438664489,0.0
LAS PALMAS,Suroriental,51.91,2.0,0.5186916087228397,3.855855707642053
EL CAMPITO,Suroriental,17.17,2.0,0.1715691591655679,11.657106730178455
KENNEDY,Metropolitana,22.18,0.0,0.22158919555978276,0.0
LOS CONTINENTES,Metropolitana,14.24,0.0,0.1422950458152415,0.0
LA SIERRITA,Metropolitana,64.47,0.0,0.644150118723378,0.0
SAN PEDRO ALEJANDRINO,Suroccidente,12.41,0.0,0.12403519431882791,0.0
LA CHINITA,Suroriental,51.16,0.0,0.5111744092138408,0.0
LA UNION,Suroriental,52.14,4.0,0.520933962163575,7.678516454152756
LA VICTORIA,Suroriental,73.42,4.0,0.7335595934305015,5.452863047286923
LAS MALVINAS,Suroccidente,76.4,0.0,0.7633290552422366,0.0
LA SIERRA,Metropolitana,35.17,2.0,0.3514312869032757,5.691012936336711
LAS NIEVES,Suroriental,140.77,0.0,1.4065662934950391,0.0
BOYACA,Suroriental,19.78,2.0,0.19766126472194065,10.118320363949374
LOS TRUPILLOS,Suroriental,16.47,0.0,0.16454781992006423,0.0
EL BOSQUE,Suroccidente,204.83,0.0,2.046589608842218,0.0
CEVILLAR,Metropolitana,36.19,2.0,0.36159822262757635,5.531000637854007
7 DE AGOSTO,Suroccidente,13.31,0.0,0.13294346821201602,0.0
LA LUZ,Suroriental,70.05,0.0,0.6999149104799288,0.0
LA CEIBA,Suroccidente,29.2,2.0,0.2918075493343495,6.853832275971807
LOS ROSALES,Suroccidente,43.35,0.0,0.4331606107392289,0.0
LIPAYA,Suroccidente,43.12,0.0,0.43082360524183766,0.0
EL PUEBLO,Suroccidente,32.7,2.0,0.3267625475281875,6.120652489488484
EVARISTO SOURDIS,Suroccidente,75.35,1.0,0.7529134102846332,1.3281739790262967
SAN JOSE,Suroriental,92.59,10.0,0.9251895918761519,10.808595435797578
MONTES,Suroriental,61.44,2.0,0.6139045465581182,3.2578354586443194
CIUDAD MODESTO,Suroccidente,31.06,1.0,0.31031483919683506,3.2225336132433307
PUMAREJO,Suroccidente,17.28,0.0,0.17262768749158178,0.0
ALFONSO LOPEZ,Suroccidente,21.41,7.0,0.2139018413631227,32.725290981094005
EL CARMEN,Suroccidente,50.76,2.0,0.5071593922924992,3.943533394815884
LOS ANGELES II,Suroccidente,21.75,0.0,0.21735890263383176,0.0
LA ESMERALDA,Suroccidente,81.06,1.0,0.8099627503778182,1.234624678151602
ATLANTICO,Suroriental,16.84,2.0,0.16829761812429367,11.88370948020744
LA PAZ,Suroccidente,64.36,2.0,0.6430821351079331,3.1100226406761022
CIUDADELA DE LA SALUD,Suroccidente,13.74,0.0,0.13732711232991485,0.0
NUEVA COLOMBIA,Suroccidente,36.87,0.0,0.36841648450448944,0.0
LOMA FRESCA,Suroccidente,8.46,0.0,0.08450642822221024,0.0
SAN ISIDRO,Suroccidente,48.86,15.0,0.48822540022931754,30.72351416570002
LOS ANGELES I,Suroccidente,9.46,0.0,0.09449711138299884,0.0
REBOLO,Suroriental,137.61,0.0,1.374960608381922,0.0
LOS OLIVOS I,Suroccidente,39.45,1.0,0.394166131405742,2.537001330970854
LOS ANDES,Suroccidente,38.37,6.0,0.3833653205487052,15.650867927783054
LOS PINOS,Suroccidente,14.69,0.0,0.14680423989111904,0.0
CARLOS MEISEL,Suroccidente,29.62,0.0,0.2959459205715973,0.0
LA MANGA,Suroccidente,43.7,0.0,0.4366143581016566,0.0
LA LIBERTAD,Suroccidente,4.79,1.0,0.04785018012010388,20.898562920557488
SAN FELIPE,Suroccidente,71.12,16.0,0.7106380139883853,22.514979054106025
ZONA FRANCA,"Suroriente, Norte - Centro Historico",320.71,0.0,3.2045322674992214,0.0
SAN ROQUE,Suroriental,103.25,1.0,1.0316495034621898,0.9693214571848532
POR FIN,Suroccidente,48.13,0.0,0.48091289123406866,0.0
KALAMARY,Suroccidente,8.95,0.0,0.08940547138275756,0.0
SANTODOMINGO,Suroccidente,16.44,2.0,0.1642563238144669,12.17609132820401
LUCERO,Suroccidente,52.46,7.0,0.5241277219564364,13.355523294724362
CHIQUINQUIRA,Suroriental,78.99,19.0,0.7892812496623588,24.072534357211552
NUEVA GRANADA,Suroccidente,24.45,0.0,0.2442889893358658,0.0
ME QUEJO,Suroccidente,37.38,0.0,0.3735304463646181,0.0
LA PRADERA,Suroccidente,89.12,0.0,0.8904213506897196,0.0
EL SILENCIO,Suroccidente,35.1,10.0,0.3507478494363875,28.51050980374899
VILLA DEL ROSARIO,Suroccidente,20.75,0.0,0.20734982232487115,0.0
LAS ESTRELLAS,Suroccidente,20.36,4.0,0.20339259234657756,19.666399615891947
COLINA CAMPESTRE,Suroccidente,26.05,3.0,0.26026925261683187,11.526524819343901
CENTRO,Norte - Centro Historico,92.78,1.0,0.9270895364682014,1.078644468159521
OLAYA,Suroccidente,95.74,10.0,0.9566639544660374,10.452991307257424
MERCEDES SUR,Suroccidente,7.67,0.0,0.07660384441764659,0.0
EL ROSARIO,Norte - Centro Historico,85.22,53.0,0.8514741264097109,62.2449917808748
EL RECREO,"Norte - Centro Historico, Suroccidente",112.49,45.0,1.1240249751704392,40.03469762153329
BARLOVENTO,Norte - Centro Historico,10.41,0.0,0.10400415161626901,0.0
LAS MERCEDES,Norte - Centro Historico,8.95,2.0,0.08942387445712717,22.36539192851533
BETANIA,Norte - Centro Historico,22.25,14.0,0.2222891584995326,62.98102927961481
LAS DELICIAS,Norte - Centro Historico,65.73,54.0,0.6567183376582698,82.2270323569059
CAMPO ALEGRE,Norte - Centro Historico,71.92,2.0,0.718623636364538,2.783097992876838
VILLANUEVA,Norte - Centro Historico,201.12,0.0,2.0095212392234343,0.0
BOSTON,Norte - Centro Historico,97.06,41.0,0.9697576712756122,42.278603422717865
ABAJO,Norte - Centro Historico,86.01,23.0,0.8593697444554209,26.763800038800536
LOS NOGALES,Norte - Centro Historico,25.06,32.0,0.250411294296538,127.78976319696457
NUEVO HORIZONTE,Norte - Centro Historico,28.03,36.0,0.2801154091111017,128.51845642565624
COLOMBIA,Norte - Centro Historico,61.59,58.0,0.6153911814965143,94.2489943696545
AMERICA,Norte - Centro Historico,6.58,4.0,0.06573058505220535,60.85447127578541
MONTECRISTO,Norte - Centro Historico,41.55,5.0,0.41512027978830957,12.04470184532962
LOS ALPES,Norte - Centro Historico,26.38,35.0,0.26360106911910447,132.7763962299627
EL PORVENIR,Norte - Centro Historico,55.86,36.0,0.5581808538118671,64.49522543482595
GRANADILLO,Norte - Centro Historico,22.95,31.0,0.22932059481273537,135.18192740305247
MODELO,Norte - Centro Historico,32.0,7.0,0.3197423185824117,21.89262913659579
LA CAMPIÑA,Norte - Centro Historico,23.15,45.0,0.23128510343156655,194.56505988642178
EL TABOR,Norte - Centro Historico,27.09,26.0,0.2706431585142764,96.06745702618048
SANTA ANA,Norte - Centro Historico,32.88,28.0,0.3285285740736218,85.22850738007746
EL PRADO,Norte - Centro Historico,130.38,119.0,1.3027369732065173,91.3461446535113
ALTAMIRA,Riomar,13.59,29.0,0.1357725512001079,213.592510000482
VILLA COUNTRY,Norte - Centro Historico,25.03,25.0,0.25006848942489784,99.97261173326741
MIRAMAR,Norte - Centro Historico,71.63,92.0,0.7157554078289965,128.53552902806712
ALTOS DEL PRADO,Norte - Centro Historico,129.44,79.0,1.2933568024745008,61.08136582948658
EL POBLADO,Riomar,36.51,118.0,0.3648162262152052,323.4505252800673
EL GOLF,Norte - Centro Historico,20.06,8.0,0.20047967624661514,39.904294289457034
SAN VICENTE,Riomar,37.59,72.0,0.3755772837284267,191.70488503788724
SANTA MONICA,Riomar,10.06,8.0,0.10054562909272861,79.56586549000521
RIOMAR,Riomar,42.02,13.0,0.41989778409552203,30.959915704253028
VILLA DEL ESTE,Riomar,6.27,26.0,0.06262481092562167,415.1709141426346
VILLA SANTOS,Riomar,65.77,54.0,0.6571416465544857,82.17406442451474
SOLAIRE NORTE,Riomar,5.67,3.0,0.056642034572130226,52.96419916166112
ANDALUCIA,Riomar,28.11,25.0,0.2809085948850107,88.99692090316316
ALTOS DE RIOMAR,Riomar,53.37,43.0,0.5332441624417574,80.638482385068
ALTOS DEL LIMON,Riomar,32.67,88.0,0.3263851826487613,269.6200828905306
PARAISO,Norte - Centro Historico,125.94,74.0,1.2584012957896569,58.80477098012237
BUENAVISTA,Riomar,39.83,19.0,0.39796613107277096,47.74275627120066
EL LIMONCITO,Riomar,15.18,4.0,0.1517202519471379,26.3643116107774
LAS TRES AVE MARIAS,Riomar,14.09,1.0,0.14081904161383973,7.1013123547754615
LA FLORESTA,Riomar,6.56,8.0,0.06550475602640549,122.12853669396367
SAN SALVADOR,Riomar,20.82,27.0,0.20799857159171303,129.80858374834975
VILLA CAROLINA,Riomar,76.63,64.0,0.7657200110308873,83.58146460589026
INDUSTRIAL VIA 40,Norte - Centro Historico,229.59,10.0,2.293989664744095,4.359217547353486
SIAPE,Riomar,12.6,0.0,0.12587013123296484,0.0
INDUSTRIAL NORTE,Riomar,280.99,2.0,2.807633119839941,0.7123437837611835
LAS FLORES,Riomar,38.87,1.0,0.3883967541245876,2.57468681027964
PALMAS DEL RIO,Riomar,22.82,5.0,0.2279689825443596,21.932808332936563
EL CASTILLO,Norte - Centro Historico,33.03,16.0,0.33007904326154314,48.47323793083755
LAS PALMERAS,Suroriental,12.46,0.0,0.12445684835099911,0.0
LIMON,Suroriental,5.07,0.0,0.05067898065121393,0.0
BERNARDO HOYOS,Suroccidente,3.56,0.0,0.03557458821232719,0.0
VILLA SAN CARLOS II,Suroccidente,1.68,0.0,0.016763007937466365,0.0
LOS OLIVOS II,Suroccidente,36.68,0.0,0.3665058593347207,0.0
EL GOLFO,Suroccidente,11.23,1.0,0.11218976630938923,8.913468963312292
LOS ANGELES III,Suroccidente,11.82,0.0,0.11813412793569807,0.0
EL RUBI,Suroccidente,24.09,1.0,0.24065644283665566,4.155301176286167
EL EDEN I,Suroccidente,8.33,0.0,0.0832275634589515,0.0
EL EDEN 2000,Suroccidente,6.55,0.0,0.06543764402169108,0.0
SAN MARINO,Riomar,5.16,9.0,0.05155698828535997,174.56411437740292
LA CUMBRE,Norte - Centro Historico,22.24,35.0,0.22226164101390636,157.47206688629703
UNIVERSAL,Suroriental,35.5,1.0,0.35475454610459717,2.81885041638101
JOSE ANTONIO GALAN,Suroriental,28.91,0.0,0.28884255704708844,0.0
CORREGIMIENTO LA PLAYA,Riomar,179.69,16.0,1.7953739128672688,8.911792627334934
CORREGIMIENTO JUAN MINA,Suroccidente,34.24,0.0,0.3420817974977522,0.0
VILLA SEVILLA,Metropolitana,8.08,0.0,0.08069586916294069,0.0
PASEO DE LA CASTELLANA,Riomar,43.94,33.0,0.43906349422382934,75.1599721546811
VILLAS DE SAN PABLO,Suroccidente,13.1,0.0,0.13084566320147342,0.0
LA FLORIDA,Suroccidente,5.56,5.0,0.05559584015065722,89.93478624391096
LAS TERRAZAS,Suroccidente,19.66,0.0,0.19645494435109498,0.0
LAS COLINAS,Suroccidente,7.74,0.0,0.07731832724506893,0.0
LOS JOBOS,Norte - Centro Historico,9.93,4.0,0.09918419056937411,40.329007849312546
CIUDAD JARDIN,Norte - Centro Historico,115.52,105.0,1.154291298828657,90.96490643787327
PASADENA,Suroriental,17.6,0.0,0.1758300043144338,0.0
SIMON BOLIVAR,Suroriental,101.69,7.0,1.016030040117163,6.889560075598551
BUENA ESPERANZA,Suroccidente,29.29,1.0,0.29266968706305746,3.4168212295403997
EL VALLE,Suroccidente,28.05,1.0,0.28024491863328166,3.5683073394403406
CUCHILLA DE VILLATE,Suroccidente,17.52,0.0,0.17503764123131943,0.0
VILLATE,Suroccidente,17.22,0.0,0.17205768493251855,0.0
LA CONCEPCION,Norte - Centro Historico,68.34,37.0,0.6828214535585321,54.18693248018799
SAN FRANCISCO,Norte - Centro Historico,33.51,5.0,0.33481463607338496,14.933636290929932
BELLAVISTA,Norte - Centro Historico,22.65,23.0,0.22633831621769152,101.61779226933308
LOS GIRASOLES,Metropolitana,16.64,1.0,0.1662330498194946,6.015650925528091
LAS CAYENAS,Metropolitana,12.89,0.0,0.1288005450240881,0.0
CIUDADELA 20 DE JULIO,Metropolitana,173.38,8.0,1.7323289368909092,4.61806059440303
