codigo,nombre_barrio,comuna,listing_count,area_km2,density_per_km2,estrato_predominante,pct_predominante,fuente,total_viviendas,log_density,pct_homes_on_airbnb,log_pct_homes,z_penetration,z_estrato,displacement_risk_index
1418,El Poblado,EL POBLADO,435.0,0.2542508809775411,1710.9085259705555,6.0,73.5,ECV 2022 (Ficha Caracterización Territorial 14 / El Poblado pilot),299.0,7.44536412418223,145.48494983277592,4.986922691662991,6.324076203390684,2.220099964690074,4.10397623870061
1419,Manila,EL POBLADO,259.0,0.2809807233836865,921.771418626212,6.0,73.5,ECV 2022 (Ficha Caracterización Territorial 14 / El Poblado pilot),385.0,6.827381553373272,67.27272727272727,4.223510378965764,5.2607598112251654,2.220099964690074,3.0406598465350916
0915,Asomadera No. 2,BUENOS AIRES,32.0,0.6289390160863696,50.879336758471304,3.0,58.75,ECV 2022 (Ficha Caracterización Territorial 9),454.0,3.9489205752198657,7.048458149779736,2.0854805388966042,2.282811803218384,0.016629962282322646,2.2661818409360612
1308,San Javier No.2,SAN JAVIER,21.0,0.160103449964632,131.16519353355002,1.0,44.09,ECV 2020 (Ficha Caracterización Territorial 13),1636.0,4.884052606318573,1.2836185819070904,0.8257612821860408,0.5282158752926733,-1.4523500393228448,1.9805659146155181
1309,San Javier No.1,SAN JAVIER,12.0,0.2128234907476519,56.3847531954477,1.0,44.09,ECV 2020 (Ficha Caracterización Territorial 13),1534.0,4.04977864426859,0.7822685788787485,0.5778870353566934,0.18296502530558467,-1.4523500393228448,1.6353150646284296
1420,Astorga,EL POBLADO,112.0,0.2249775066406015,497.8275458395867,6.0,73.5,ECV 2022 (Ficha Caracterización Territorial 14 / El Poblado pilot),473.0,6.212260436498376,23.678646934460886,3.20593837316073,3.843437905375365,2.220099964690074,1.6233379406852912
1107,Bolivariana,LAURELES,257.0,0.3241176099615109,792.922050827534,5.0,64.94,ECV 2022 (Ficha Caracterización Territorial 11),1985.0,6.676985283666583,12.947103274559193,2.6352718361357765,3.048586848893096,1.4856099638874902,1.5629768850056058
1620,El Nogal-Los Almendros,BELEN,63.0,0.1909404227257664,329.9458496040005,3.0,37.91,ECV 2022 (Ficha Caracterización Territorial 16),1698.0,5.801954765631182,3.7102473498233217,1.5497404225354712,1.536607899780184,0.016629962282322646,1.5199779374978613
1602,Rosales,BELEN,132.0,0.5987362087240596,220.4643682420667,3.0,37.91,ECV 2022 (Ficha Caracterización Territorial 16),3565.0,5.400261710820608,3.7026647966339414,1.5481293260519327,1.5343638892084208,0.016629962282322646,1.517733926926098
1304,Los Alcazares,SAN JAVIER,15.0,0.2682372764296002,55.92063936697777,1.0,44.09,ECV 2020 (Ficha Caracterización Territorial 13),3213.0,4.041658005888322,0.4668534080298786,0.3831195678078724,-0.08831621742617037,-1.4523500393228448,1.3640338218966743
1621,Cerro Nutibara,BELEN,13.0,0.5682294717455371,22.87808120910283,3.0,37.91,ECV 2022 (Ficha Caracterización Territorial 16),406.0,3.172960933918453,3.201970443349754,1.435553568449892,1.3775631061613482,0.016629962282322646,1.3609331438790255
1406,Las Lomas No.1,EL POBLADO,287.0,0.4943810930810547,580.5238186019096,6.0,73.5,ECV 2022 (Ficha Caracterización Territorial 14 / El Poblado pilot),1634.0,6.365651931742228,17.564259485924115,2.9212381991913943,3.446894180838881,2.220099964690074,1.2267942161488072
1510,Guayabal,GUAYABAL,22.0,0.7599147978491678,28.9506140191873,3.0,54.99,ECV 2022 (Ficha Caracterización Territorial 15),800.0,3.399549825826675,2.75,1.3217558399823195,1.2190603049119784,0.016629962282322646,1.2024303426296556
1103,Naranjal,LAURELES,87.0,0.4718036088794248,184.39875906552024,5.0,64.94,ECV 2022 (Ficha Caracterización Territorial 11),916.0,5.222508959827371,9.497816593886462,2.3511672921008584,2.6528727456011176,1.4856099638874902,1.1672627817136274
0906,Barrio Caicedo,BUENOS AIRES,49.0,0.2153490646248234,227.53755668902835,3.0,58.75,ECV 2022 (Ficha Caracterización Territorial 9),1897.0,5.431700558705912,2.5830258302583027,1.276207647411624,1.1556186509218618,0.016629962282322646,1.138988688639539
1310,Veinte de Julio,SAN JAVIER,8.0,0.3776189690301467,21.18537641407874,1.0,44.09,ECV 2020 (Ficha Caracterización Territorial 13),3819.0,3.0994333517402914,0.20947892118355593,0.1901896232050892,-0.35703807221381556,-1.4523500393228448,1.0953119671090292
1306,La Pradera,SAN JAVIER,9.0,0.3296076480313335,27.30519165363673,1.0,44.09,ECV 2020 (Ficha Caracterización Territorial 13),4843.0,3.3430452384827194,0.1858352260995251,0.1704473584610674,-0.38453602236688755,-1.4523500393228448,1.0678140169559573
1603,Belen,BELEN,89.0,0.5233559511508208,170.0563446432502,3.0,37.91,ECV 2022 (Ficha Caracterización Territorial 16),3822.0,5.141993003066901,2.328623757195186,1.2025589324385313,1.0530372743965994,0.016629962282322646,1.0364073121142767
0803,San Miguel,VILLA HERMOSA,20.0,0.3813349306672402,52.447332755499296,1.5,73.32,"ECV 2022 (Ficha Caracterización Territorial 8; estratos 1+2 combined, not disaggregated)",4089.0,3.978696734551449,0.4891171435558816,0.39818342324393174,-0.06733457467825435,-1.085105038921553,1.0177704642432988
1311,Belencito,SAN JAVIER,2.0,0.3723165446256108,5.371773102404389,1.0,44.09,ECV 2020 (Ficha Caracterización Territorial 13),1585.0,1.851877782877141,0.12618296529968456,0.11883400790235848,-0.45642551221511674,-1.4523500393228448,0.995924527107728
1303,Santa Rosa de Lima,SAN JAVIER,1.0,0.1502752574004768,6.654455412676782,1.0,44.09,ECV 2020 (Ficha Caracterización Territorial 13),1167.0,2.0352878851912295,0.08568980291345331,0.08221554803458307,-0.5074294166395706,-1.4523500393228448,0.9449206226832741
0809,Sucre,VILLA HERMOSA,9.0,0.3485887469467614,25.81838937380998,1.5,73.32,"ECV 2022 (Ficha Caracterización Territorial 8; estratos 1+2 combined, not disaggregated)",2346.0,3.2890878228739067,0.3836317135549872,0.3247117188611158,-0.16966940257036298,-1.085105038921553,0.9154356363511901
1319,El Socorro,SAN JAVIER,1.0,0.1653897647954658,6.046323369748303,1.0,44.09,ECV 2020 (Ficha Caracterización Territorial 13),2446.0,1.9525059729545484,0.04088307440719542,0.04006946287023416,-0.5661324562362477,-1.4523500393228448,0.886217583086597
0407,Sevilla,ARANJUEZ,16.0,0.2562848855760052,62.43052517139155,3.0,54.48,ECV 2022 (Ficha Caracterización Territorial 4),806.0,4.1499452151542,1.9851116625310175,1.0936371540279959,0.9013259245513991,0.016629962282322646,0.8846959622690765
1316,El Salado,SAN JAVIER,2.0,0.3900253210995442,5.127872196506827,1.0,44.09,ECV 2020 (Ficha Caracterización Territorial 13),5041.0,1.8128475765593892,0.0396746677246578,0.03890784471953541,-0.5677504123531867,-1.4523500393228448,0.8845996269696581
1315,Nuevos Conquistadores,SAN JAVIER,1.0,0.2660207079271817,3.759105852292265,1.0,44.09,ECV 2020 (Ficha Caracterización Territorial 13),4030.0,1.5600598044409424,0.024813895781637715,0.02451103101434977,-0.5878029681648566,-1.4523500393228448,0.8645470711579882
1301,El Pesebre,SAN JAVIER,1.0,0.2952834126413418,3.386576953493231,1.0,44.09,ECV 2020 (Ficha Caracterización Territorial 13),4458.0,1.4785491856885997,0.022431583669807086,0.0221836958598154,-0.5910445894731848,-1.4523500393228448,0.86130544984966
1318,Antonio Narino,SAN JAVIER,1.0,0.4139619845003673,2.415680756789668,1.0,44.09,ECV 2020 (Ficha Caracterización Territorial 13),5545.0,1.2283768162867619,0.018034265103697024,0.017873576799294983,-0.5970479249879659,-1.4523500393228448,0.8553021143348789
0707,Bosques de San Pablo,ROBLEDO,6.0,0.2692507726976249,22.28405861155372,2.0,57.73,ECV 2022 (Ficha Caracterización Territorial 7; estratos 1+2 combined),850.0,3.1477689466522287,0.7058823529411765,0.534082485930258,0.12195199907865964,-0.7178600385202611,0.8398120375989208
1317,Eduardo Santos,SAN JAVIER,0.0,0.1516024484327439,0.0,1.0,44.09,ECV 2020 (Ficha Caracterización Territorial 13),1085.0,0.0,0.0,0.0,-0.6219430791284221,-1.4523500393228448,0.8304069601944227
1307,Juan XXIII La Quiebra,SAN JAVIER,0.0,0.3995428945394356,0.0,1.0,44.09,ECV 2020 (Ficha Caracterización Territorial 13),4817.0,0.0,0.0,0.0,-0.6219430791284221,-1.4523500393228448,0.8304069601944227
1302,Blanquizal,SAN JAVIER,0.0,0.1681274171266996,0.0,1.0,44.09,ECV 2020 (Ficha Caracterización Territorial 13),2885.0,0.0,0.0,0.0,-0.6219430791284221,-1.4523500393228448,0.8304069601944227
1313,El Corazon,SAN JAVIER,0.0,0.2260317534780461,0.0,1.0,44.09,ECV 2020 (Ficha Caracterización Territorial 13),1613.0,0.0,0.0,0.0,-0.6219430791284221,-1.4523500393228448,0.8304069601944227
1314,Las Independencias,SAN JAVIER,0.0,0.2196344195985175,0.0,1.0,44.09,ECV 2020 (Ficha Caracterización Territorial 13),4614.0,0.0,0.0,0.0,-0.6219430791284221,-1.4523500393228448,0.8304069601944227
1305,Metropolitano,SAN JAVIER,0.0,0.0856283008521909,0.0,1.0,44.09,ECV 2020 (Ficha Caracterización Territorial 13),1068.0,0.0,0.0,0.0,-0.6219430791284221,-1.4523500393228448,0.8304069601944227
1312,Betania,SAN JAVIER,0.0,0.3742979757453071,0.0,1.0,44.09,ECV 2020 (Ficha Caracterización Territorial 13),2414.0,0.0,0.0,0.0,-0.6219430791284221,-1.4523500393228448,0.8304069601944227
1015,Bombona No. 1,LA CANDELARIA,136.0,0.213706948779716,636.385483843979,4.0,51.57,ECV 2022 (Ficha Caracterización Territorial 10),3544.0,6.457374627710693,3.837471783295711,1.5763922254284413,1.5737297779913608,0.7511199630849064,0.8226098149064545
1507,Campo Amor,GUAYABAL,49.0,1.0354158801599955,47.32397960945738,3.0,54.99,ECV 2022 (Ficha Caracterización Territorial 15),2677.0,3.8779279097024517,1.830407172207695,1.0404205784110208,0.8272033878208608,0.016629962282322646,0.8105734255385382
1506,Parque Juan Pablo II,GUAYABAL,17.0,1.4508647719167864,11.71714988815996,3.0,54.99,ECV 2022 (Ficha Caracterización Territorial 15),1025.0,2.5429514674093454,1.6585365853658538,0.977775815524836,0.7399488306800976,0.016629962282322646,0.723318868397775
0802,La Mansion,VILLA HERMOSA,6.0,0.2705546868158946,22.17666258386735,1.5,73.32,"ECV 2022 (Ficha Caracterización Territorial 8; estratos 1+2 combined, not disaggregated)",3308.0,3.1431458492828996,0.18137847642079807,0.16668195701909144,-0.38978064969309706,-1.085105038921553,0.695324389228456
0517,Caribe,CASTILLA,3.0,0.4731728939219753,6.340177213309877,3.0,83.03,ECV 2022 (Ficha Caracterización Territorial 5),199.0,1.9933629858376827,1.507537688442211,0.9193012710270262,0.6585027488514532,0.016629962282322646,0.6418727865691306
1601,Fatima,BELEN,63.0,0.417299407901766,150.97073901152157,3.0,37.91,ECV 2022 (Ficha Caracterización Territorial 16),4261.0,5.023687995811374,1.478526167566299,0.9076640962465624,0.6422939472684089,0.016629962282322646,0.6256639849860863
0907,Buenos Aires,BUENOS AIRES,34.0,0.2664614979426288,127.5981718278881,3.0,58.75,ECV 2022 (Ficha Caracterización Territorial 9),2466.0,4.856692595745147,1.37875101378751,0.8665755658131067,0.5850639193880321,0.016629962282322646,0.5684339571057095
1614,La Palma,BELEN,38.0,0.3374757357222215,112.60068792405876,3.0,37.91,ECV 2022 (Ficha Caracterización Territorial 16),2763.0,4.732689561938247,1.3753166847629388,0.8651307695503062,0.5830515395455491,0.016629962282322646,0.5664215772632265
0804,La Ladera,VILLA HERMOSA,1.0,0.5825912971686042,1.716469169484686,1.5,73.32,"ECV 2022 (Ficha Caracterización Territorial 8; estratos 1+2 combined, not disaggregated)",1541.0,0.9993329375928133,0.06489292667099286,0.06287425576997514,-0.5343688735602482,-1.085105038921553,0.5507361653613049
0709,Cordoba,ROBLEDO,12.0,0.2461475053412098,48.7512558104767,2.0,57.73,ECV 2022 (Ficha Caracterización Territorial 7; estratos 1+2 combined),3179.0,3.9070357057076595,0.3774771940861906,0.32025370589059565,-0.17587873164352472,-0.7178600385202611,0.5419813068767364
1509,Cristo Rey,GUAYABAL,63.0,0.7587515616778235,83.03113058599631,3.0,54.99,ECV 2022 (Ficha Caracterización Territorial 15),4772.0,4.431187332401517,1.3202011735121544,0.8416538946396441,0.5503518495953991,0.016629962282322646,0.5337218873130765
0808,Enciso,VILLA HERMOSA,2.0,0.3150189721671133,6.348823965240503,1.5,73.32,"ECV 2022 (Ficha Caracterización Territorial 8; estratos 1+2 combined, not disaggregated)",3976.0,1.9945402956934397,0.05030181086519115,0.04907756178601,-0.5535855545422588,-1.085105038921553,0.5315194843792943
1019,La Candelaria,LA CANDELARIA,53.0,0.6716052773196641,78.91540133740429,4.0,51.57,ECV 2022 (Ficha Caracterización Territorial 10),1816.0,4.380968591861492,2.9185022026431717,1.3657094896244872,1.2802810048963562,0.7511199630849064,0.5291610418114499
0801,Villa Hermosa,VILLA HERMOSA,2.0,0.3917420529645444,5.105400313458343,1.5,73.32,"ECV 2022 (Ficha Caracterización Territorial 8; estratos 1+2 combined, not disaggregated)",4329.0,1.8091736768230051,0.046200046200046196,0.045164596114233305,-0.559035716232841,-1.085105038921553,0.5260693226887121
0916,Asomadera No. 3,BUENOS AIRES,4.0,0.1955237366983163,20.457874156587984,3.0,58.75,ECV 2022 (Ficha Caracterización Territorial 9),307.0,3.0660916715589,1.3029315960912053,0.8341829183093756,0.539945924166468,0.016629962282322646,0.5233159618841454
0810,El Pinal,VILLA HERMOSA,1.0,0.432163421207867,2.313939475037172,1.5,73.32,"ECV 2022 (Ficha Caracterización Territorial 8; estratos 1+2 combined, not disaggregated)",6552.0,1.1981376554209278,0.015262515262515262,0.015147214779912942,-0.6008453295856778,-1.085105038921553,0.48425970933587525
0811,Trece de Noviembre,VILLA HERMOSA,0.0,-0.1062746825045996,-0.0,1.5,73.32,"ECV 2022 (Ficha Caracterización Territorial 8; estratos 1+2 combined, not disaggregated)",306.0,-0.0,0.0,0.0,-0.6219430791284221,-1.085105038921553,0.463161959793131
0805,Batallon Girardot,VILLA HERMOSA,0.0,0.2157171861905418,0.0,1.5,73.32,"ECV 2022 (Ficha Caracterización Territorial 8; estratos 1+2 combined, not disaggregated)",567.0,0.0,0.0,0.0,-0.6219430791284221,-1.085105038921553,0.463161959793131
0817,La Sierra,VILLA HERMOSA,0.0,0.2303010126870217,0.0,1.5,73.32,"ECV 2022 (Ficha Caracterización Territorial 8; estratos 1+2 combined, not disaggregated)",1182.0,0.0,0.0,0.0,-0.6219430791284221,-1.085105038921553,0.463161959793131
0806,Llanaditas,VILLA HERMOSA,0.0,0.2632326912379633,0.0,1.5,73.32,"ECV 2022 (Ficha Caracterización Territorial 8; estratos 1+2 combined, not disaggregated)",3337.0,0.0,0.0,0.0,-0.6219430791284221,-1.085105038921553,0.463161959793131
0813,Villatina,VILLA HERMOSA,0.0,0.4324265661113443,0.0,1.5,73.32,"ECV 2022 (Ficha Caracterización Territorial 8; estratos 1+2 combined, not disaggregated)",5515.0,0.0,0.0,0.0,-0.6219430791284221,-1.085105038921553,0.463161959793131
0812,La Libertad,VILLA HERMOSA,0.0,0.2731583899979594,0.0,1.5,73.32,"ECV 2022 (Ficha Caracterización Territorial 8; estratos 1+2 combined, not disaggregated)",3489.0,0.0,0.0,0.0,-0.6219430791284221,-1.085105038921553,0.463161959793131
0815,Las Estancias,VILLA HERMOSA,0.0,0.2884721671036138,0.0,1.5,73.32,"ECV 2022 (Ficha Caracterización Territorial 8; estratos 1+2 combined, not disaggregated)",3658.0,0.0,0.0,0.0,-0.6219430791284221,-1.085105038921553,0.463161959793131
0816,Villa Turbay,VILLA HERMOSA,0.0,0.1901527306312187,0.0,1.5,73.32,"ECV 2022 (Ficha Caracterización Territorial 8; estratos 1+2 combined, not disaggregated)",1039.0,0.0,0.0,0.0,-0.6219430791284221,-1.085105038921553,0.463161959793131
0807,Los Mangos,VILLA HERMOSA,0.0,0.4331124162789997,0.0,1.5,73.32,"ECV 2022 (Ficha Caracterización Territorial 8; estratos 1+2 combined, not disaggregated)",7063.0,0.0,0.0,0.0,-0.6219430791284221,-1.085105038921553,0.463161959793131
0819,Villa Liliam,VILLA HERMOSA,0.0,0.1344980493879855,0.0,1.5,73.32,"ECV 2022 (Ficha Caracterización Territorial 8; estratos 1+2 combined, not disaggregated)",2031.0,0.0,0.0,0.0,-0.6219430791284221,-1.085105038921553,0.463161959793131
0814,San Antonio,VILLA HERMOSA,0.0,0.1342599068204626,0.0,1.5,73.32,"ECV 2022 (Ficha Caracterización Territorial 8; estratos 1+2 combined, not disaggregated)",1617.0,0.0,0.0,0.0,-0.6219430791284221,-1.085105038921553,0.463161959793131
1202,Calasanz,LA AMERICA,40.0,0.269968444933242,148.16546433747556,4.0,39.78,ECV 2020 (Ficha Caracterización Territorial 12),1469.0,5.00505618870689,2.722940776038121,1.3145138871728954,1.2089733741597837,0.7511199630849064,0.4578534110748773
1117,Florida Nueva,LAURELES,112.0,0.2461364706757154,455.0321197526225,5.0,64.94,ECV 2022 (Ficha Caracterización Territorial 11),2164.0,6.12256324508774,5.175600739371535,1.820606163510275,1.9138823786747843,1.4856099638874902,0.42827241478729405
1211,Simon Bolivar,LA AMERICA,55.0,0.3470978759496366,158.45674609654026,4.0,39.78,ECV 2020 (Ficha Caracterización Territorial 12),2082.0,5.071772701100065,2.6416906820365034,1.292448046901366,1.178239039282834,0.7511199630849064,0.42711907619792755
0706,La Pilarica,ROBLEDO,7.0,0.3170883074291713,22.07586920108558,2.0,57.73,ECV 2022 (Ficha Caracterización Territorial 7; estratos 1+2 combined),2634.0,3.1387874481988933,0.26575550493545935,0.23566918100751294,-0.29369201594063643,-0.7178600385202611,0.4241680225796247
0702,B. Cerro El Volador,ROBLEDO,3.0,1.1388170317140152,2.6343125510555003,2.0,57.73,ECV 2022 (Ficha Caracterización Territorial 7; estratos 1+2 combined),1136.0,1.2904199737206532,0.2640845070422535,0.23434815032707282,-0.2955320092885334,-0.7178600385202611,0.42232802923172774
1113,El Estadio,LAURELES,108.0,0.3602098788822006,299.8252028377024,5.0,64.94,ECV 2022 (Ficha Caracterización Territorial 11),2130.0,5.706529374595427,5.070422535211268,1.8034282130624324,1.8899561254677022,1.4856099638874902,0.40434616158021197
1619,Miravalle,BELEN,17.0,0.1417015455489634,119.97046280716702,3.0,37.91,ECV 2022 (Ficha Caracterización Territorial 16),1630.0,4.795546406765604,1.0429447852760736,0.7143922891736815,0.37309593043533273,0.016629962282322646,0.35646596815301007
0717,Robledo,ROBLEDO,4.0,0.5203101483239786,7.687722434176592,2.0,57.73,ECV 2022 (Ficha Caracterización Territorial 7; estratos 1+2 combined),2208.0,2.1619108144971317,0.18115942028985507,0.16649651564955764,-0.390038941110109,-0.7178600385202611,0.32782109741015214
0715,Villa Flora,ROBLEDO,3.0,0.208866249639912,14.363258808792883,2.0,57.73,ECV 2022 (Ficha Caracterización Territorial 7; estratos 1+2 combined),2161.0,2.731978867247132,0.13882461823229986,0.12999669388416987,-0.44087760083401784,-0.7178600385202611,0.2769824376862433
0303,Campo Valdes No. 2,MANRIQUE,8.0,0.3899823032906125,20.51375134845144,2.0,54.49,ECV 2022 (Ficha Caracterización Territorial 3),6059.0,3.0686923282806378,0.13203498927215712,0.12401688855433232,-0.44920655351583916,-0.7178600385202611,0.268653485004422
0309,Versalles No. 1,MANRIQUE,6.0,0.3597000526185838,16.68056469917239,2.0,54.49,ECV 2022 (Ficha Caracterización Territorial 3),6062.0,2.8724659966978647,0.09897723523589574,0.0943799611358765,-0.4904862528517367,-0.7178600385202611,0.22737378566852445
0708,Altamira,ROBLEDO,2.0,0.376853347537431,5.307104243783717,2.0,57.73,ECV 2022 (Ficha Caracterización Territorial 7; estratos 1+2 combined),2056.0,1.8416766558125182,0.09727626459143969,0.09283098604289379,-0.4926437378438314,-0.7178600385202611,0.22521630067642973
1104,San Joaquin,LAURELES,121.0,0.3290011741317029,367.779842486405,5.0,64.94,ECV 2022 (Ficha Caracterización Territorial 11),2828.0,5.910199833156164,4.278642149929278,1.6636688960706616,1.6952928088778039,1.4856099638874902,0.20968284499031364
0110,La Esperanza No. 2,POPULAR,1.0,0.0622703439708624,16.05900877097966,2.0,60.05,ECV 2020 (Ficha Caracterización Territorial 1),1187.0,2.836678437853808,0.08424599831508003,0.08088481298645862,-0.5092829266848837,-0.7178600385202611,0.20857711183537742
1203,Los Pinos,LA AMERICA,24.0,0.2138838323938636,112.21044494753762,4.0,39.78,ECV 2020 (Ficha Caracterización Territorial 12),1151.0,4.729248431367054,2.0851433536055604,1.1265981242212053,0.9472355062089048,0.7511199630849064,0.19611554312399848
0306,El Pomar,MANRIQUE,1.0,0.1731369439628065,5.775774812190407,2.0,54.49,ECV 2022 (Ficha Caracterización Territorial 3),1375.0,1.9133537236497051,0.07272727272727272,0.07020425867324853,-0.5241593025171327,-0.7178600385202611,0.19370073600312843
0205,La Francia,SANTA CRUZ,3.0,0.2840342276499433,10.562107337631634,2.0,87.46,ECV 2022 (Ficha Caracterización Territorial 2),4198.0,2.447733142273275,0.07146260123868509,0.06902463213868269,-0.5258023415538043,-0.7178600385202611,0.1920576969664568
0710,Lopez de Mesa,ROBLEDO,1.0,0.1687939527732503,5.92438285596257,2.0,57.73,ECV 2022 (Ficha Caracterización Territorial 7; estratos 1+2 combined),1461.0,1.9350489298295799,0.06844626967830253,0.06620550876473258,-0.5297289485068244,-0.7178600385202611,0.18813109001343675
0703,San German,ROBLEDO,2.0,0.3672189129096721,5.4463425757484245,2.0,57.73,ECV 2022 (Ficha Caracterización Territorial 7; estratos 1+2 combined),2964.0,1.8635129274586466,0.06747638326585695,0.06529734247156699,-0.5309938850165898,-0.7178600385202611,0.1868661535036713
1504,Santa Fe,GUAYABAL,28.0,1.0409033637647558,26.899711322604585,3.0,54.99,ECV 2022 (Ficha Caracterización Territorial 15),3484.0,3.3286163419137402,0.8036739380022963,0.5898256614031184,0.1995937023179407,0.016629962282322646,0.18296374003561808
0203,Pablo VI,SANTA CRUZ,1.0,0.0770049657908759,12.986175498288272,2.0,87.46,ECV 2022 (Ficha Caracterización Territorial 2),1576.0,2.6380693773431076,0.06345177664974619,0.06152001062420391,-0.5362551295696928,-0.7178600385202611,0.18160490895056836
1105,Los Conquistadores,LAURELES,184.0,0.6113363764555841,300.97996305536105,5.0,64.94,ECV 2022 (Ficha Caracterización Territorial 11),4418.0,5.710360667674973,4.164780443639656,1.6418625931762523,1.6649199698044737,1.4856099638874902,0.17931000591698343
0307,Manrique Central No. 2,MANRIQUE,1.0,0.1911848717210104,5.23053937792351,2.0,54.49,ECV 2022 (Ficha Caracterización Territorial 3),1978.0,1.8294629065675572,0.05055611729019212,0.04931965947651528,-0.5532483495502275,-0.7178600385202611,0.16461168897003364
0210,Santa Cruz,SANTA CRUZ,2.0,0.2596669157306166,7.702174897301272,2.0,87.46,ECV 2022 (Ficha Caracterización Territorial 2),4489.0,2.163572982614244,0.044553352639786145,0.043589380307654184,-0.5612297505187381,-0.7178600385202611,0.156630288001523
1615,Los Alpes,BELEN,23.0,0.2626868982073467,87.55670784100317,3.0,37.91,ECV 2022 (Ficha Caracterización Territorial 16),2994.0,4.48364311337565,0.7682030728122912,0.5699638178074729,0.1719291971447661,0.016629962282322646,0.15529923486244346
0724,Monteclaro,ROBLEDO,2.0,0.4422746865530634,4.52207657550404,2.0,57.73,ECV 2022 (Ficha Caracterización Territorial 7; estratos 1+2 combined),4730.0,1.7087539807613301,0.042283298097251586,0.04141378555075714,-0.5642600207007118,-0.7178600385202611,0.15360001781954935
0111,La Avanzada,POPULAR,1.0,0.2649668251126649,3.774057373313795,2.0,60.05,ECV 2020 (Ficha Caracterización Territorial 1),2460.0,1.5631965457149302,0.04065040650406504,0.03984590854719967,-0.5664438331583492,-0.7178600385202611,0.15141620536191192
0603,Doce de Octubre No.2,DOCE DE OCTUBRE,2.0,0.4150987845260802,4.818130224793135,2.0,56.15,ECV 2022 (Ficha Caracterización Territorial 6),5146.0,1.7609789429083038,0.0388651379712398,0.03812890385717483,-0.5688353576359648,-0.7178600385202611,0.14902468088429632
0716,Palenque,ROBLEDO,1.0,0.3925000568672898,2.5477703315037097,2.0,57.73,ECV 2022 (Ficha Caracterización Territorial 7; estratos 1+2 combined),2725.0,1.2663193305324398,0.03669724770642202,0.03603993648319687,-0.5717449691453755,-0.7178600385202611,0.1461150693748856
1108,Laureles,LAURELES,271.0,0.680113689371538,398.4627926698825,5.0,64.94,ECV 2022 (Ficha Caracterización Territorial 11),6705.0,5.990120626125297,4.041759880686055,1.6177552038089993,1.6313420698149521,1.4856099638874902,0.14573210592746189
0604,Pedregal,DOCE DE OCTUBRE,2.0,0.5338399944603847,3.746440920039415,2.0,56.15,ECV 2022 (Ficha Caracterización Territorial 6),6235.0,1.5573950572042956,0.03207698476343224,0.03157326191609021,-0.5779663624955729,-0.7178600385202611,0.13989367602468827
0305,El Raizal,MANRIQUE,1.0,0.2664437440568677,3.753137472000722,2.0,54.49,ECV 2022 (Ficha Caracterización Territorial 3),3654.0,1.5588049204201524,0.027367268746579094,0.026999480208502107,-0.5843369396829938,-0.7178600385202611,0.13352309883726732
0207,Villa del Socorro,SANTA CRUZ,1.0,0.2522673023355977,3.9640492078901057,2.0,87.46,ECV 2022 (Ficha Caracterización Territorial 2),4896.0,1.602221780244498,0.02042483660130719,0.020219047053306283,-0.5937810442644741,-0.7178600385202611,0.12407899425578706
0718,Cucaracho,ROBLEDO,1.0,0.6494259300042979,1.5398214850974337,2.0,57.73,ECV 2022 (Ficha Caracterización Territorial 7; estratos 1+2 combined),4927.0,0.9320937971028845,0.02029632636492795,0.02009310114861216,-0.5939564676140323,-0.7178600385202611,0.12390357090622883
0308,Manrique Oriental,MANRIQUE,1.0,0.3926067652338785,2.5470778614940404,2.0,54.49,ECV 2022 (Ficha Caracterización Territorial 3),4984.0,1.2661241269162296,0.020064205457463884,0.019865571842055597,-0.5942733810791884,-0.7178600385202611,0.12358665744107278
0711,El Diamante,ROBLEDO,1.0,0.3980242003254816,2.512410047384699,2.0,57.73,ECV 2022 (Ficha Caracterización Territorial 7; estratos 1+2 combined),5672.0,1.2563024250464458,0.01763046544428773,0.017476851681798064,-0.5976005022959318,-0.7178600385202611,0.12025953622432939
0712,Aures No. 2,ROBLEDO,1.0,0.4609017942290235,2.1696595945623436,2.0,57.73,ECV 2022 (Ficha Caracterización Territorial 7; estratos 1+2 combined),6297.0,1.153624198704358,0.01588057805304113,0.015755800961394943,-0.5999976622739877,-0.7178600385202611,0.11786237624627349
0713,Aures No.1,ROBLEDO,1.0,0.7357592973807039,1.3591401475455227,2.0,57.73,ECV 2022 (Ficha Caracterización Territorial 7; estratos 1+2 combined),8324.0,0.8582972083876507,0.01201345506967804,0.011941866300286387,-0.6053098889388638,-0.7178600385202611,0.11255014958139731
1011,Calle Nueva,LA CANDELARIA,3.0,0.2204031894195764,13.611418273485004,4.0,51.57,ECV 2022 (Ficha Caracterización Territorial 10),158.0,2.681803296580516,1.89873417721519,1.0642741510872182,0.8604277600460069,0.7511199630849064,0.10930779696110049
1111,Lorena,LAURELES,139.0,0.4294105225865299,323.6995664725246,5.0,64.94,ECV 2022 (Ficha Caracterización Territorial 11),3579.0,5.782900343944757,3.8837664151997764,1.5859167285690607,1.5869959516542806,1.4856099638874902,0.10138598776679042
0610,Mirador del Doce,DOCE DE OCTUBRE,0.0,0.0480178503407636,0.0,2.0,56.15,ECV 2022 (Ficha Caracterización Territorial 6),1018.0,0.0,0.0,0.0,-0.6219430791284221,-0.7178600385202611,0.09591695939183909
0723,Pajarito,ROBLEDO,0.0,0.2749666074112572,0.0,2.0,57.73,ECV 2022 (Ficha Caracterización Territorial 7; estratos 1+2 combined),2447.0,0.0,0.0,0.0,-0.6219430791284221,-0.7178600385202611,0.09591695939183909
0722,Olaya Herrera,ROBLEDO,0.0,0.5245343598247071,0.0,2.0,57.73,ECV 2022 (Ficha Caracterización Territorial 7; estratos 1+2 combined),3041.0,0.0,0.0,0.0,-0.6219430791284221,-0.7178600385202611,0.09591695939183909
0714,Bello Horizonte,ROBLEDO,0.0,0.1727233441267836,0.0,2.0,57.73,ECV 2022 (Ficha Caracterización Territorial 7; estratos 1+2 combined),2575.0,0.0,0.0,0.0,-0.6219430791284221,-0.7178600385202611,0.09591695939183909
0314,San Jose la Cima No. 1,MANRIQUE,0.0,0.1538289259909245,0.0,2.0,54.49,ECV 2022 (Ficha Caracterización Territorial 3),601.0,0.0,0.0,0.0,-0.6219430791284221,-0.7178600385202611,0.09591695939183909
0611,El Progreso No.2,DOCE DE OCTUBRE,0.0,0.1104900967096122,0.0,2.0,56.15,ECV 2022 (Ficha Caracterización Territorial 6),2003.0,0.0,0.0,0.0,-0.6219430791284221,-0.7178600385202611,0.09591695939183909
0704,Facultad Veterinaria y Zootecnia,ROBLEDO,0.0,0.0933935609662689,0.0,2.0,57.73,ECV 2022 (Ficha Caracterización Territorial 7; estratos 1+2 combined),99.0,0.0,0.0,0.0,-0.6219430791284221,-0.7178600385202611,0.09591695939183909
0601,Santander,DOCE DE OCTUBRE,0.0,0.4226378934533994,0.0,2.0,56.15,ECV 2022 (Ficha Caracterización Territorial 6),5125.0,0.0,0.0,0.0,-0.6219430791284221,-0.7178600385202611,0.09591695939183909
0606,San Martin de Porres,DOCE DE OCTUBRE,0.0,0.2959960603894307,0.0,2.0,56.15,ECV 2022 (Ficha Caracterización Territorial 6),5487.0,0.0,0.0,0.0,-0.6219430791284221,-0.7178600385202611,0.09591695939183909
0607,Kennedy,DOCE DE OCTUBRE,0.0,0.4940116693930654,0.0,2.0,56.15,ECV 2022 (Ficha Caracterización Territorial 6),9394.0,0.0,0.0,0.0,-0.6219430791284221,-0.7178600385202611,0.09591695939183909
0719,Fuente Clara,ROBLEDO,0.0,0.2002753629013499,0.0,2.0,57.73,ECV 2022 (Ficha Caracterización Territorial 7; estratos 1+2 combined),925.0,0.0,0.0,0.0,-0.6219430791284221,-0.7178600385202611,0.09591695939183909
0605,La Esperanza,DOCE DE OCTUBRE,0.0,0.3836089903312519,0.0,2.0,56.15,ECV 2022 (Ficha Caracterización Territorial 6),6771.0,0.0,0.0,0.0,-0.6219430791284221,-0.7178600385202611,0.09591695939183909
0608,Picacho,DOCE DE OCTUBRE,0.0,0.4584291948426226,0.0,2.0,56.15,ECV 2022 (Ficha Caracterización Territorial 6),7105.0,0.0,0.0,0.0,-0.6219430791284221,-0.7178600385202611,0.09591695939183909
0612,El Triunfo,DOCE DE OCTUBRE,0.0,0.0998985070533783,0.0,2.0,56.15,ECV 2022 (Ficha Caracterización Territorial 6),1192.0,0.0,0.0,0.0,-0.6219430791284221,-0.7178600385202611,0.09591695939183909
0609,Picachito,DOCE DE OCTUBRE,0.0,0.0910882749918802,0.0,2.0,56.15,ECV 2022 (Ficha Caracterización Territorial 6),1434.0,0.0,0.0,0.0,-0.6219430791284221,-0.7178600385202611,0.09591695939183909
0720,Santa Margarita,ROBLEDO,0.0,0.5106080266468191,0.0,2.0,57.73,ECV 2022 (Ficha Caracterización Territorial 7; estratos 1+2 combined),3340.0,0.0,0.0,0.0,-0.6219430791284221,-0.7178600385202611,0.09591695939183909
0701,Universidad Nacional,ROBLEDO,0.0,0.462051649613759,0.0,2.0,57.73,ECV 2022 (Ficha Caracterización Territorial 7; estratos 1+2 combined),138.0,0.0,0.0,0.0,-0.6219430791284221,-0.7178600385202611,0.09591695939183909
0312,Oriente,MANRIQUE,0.0,0.4809753196889544,0.0,2.0,54.49,ECV 2022 (Ficha Caracterización Territorial 3),2327.0,0.0,0.0,0.0,-0.6219430791284221,-0.7178600385202611,0.09591695939183909
0304,Santa Ines,MANRIQUE,0.0,0.2839275249973768,0.0,2.0,54.49,ECV 2022 (Ficha Caracterización Territorial 3),4921.0,0.0,0.0,0.0,-0.6219430791284221,-0.7178600385202611,0.09591695939183909
0313,Maria Cano Carambolas,MANRIQUE,0.0,0.2724060649478171,0.0,2.0,54.49,ECV 2022 (Ficha Caracterización Territorial 3),1779.0,0.0,0.0,0.0,-0.6219430791284221,-0.7178600385202611,0.09591695939183909
0301,La Salle,MANRIQUE,0.0,0.3947532241983421,0.0,2.0,54.49,ECV 2022 (Ficha Caracterización Territorial 3),6224.0,0.0,0.0,0.0,-0.6219430791284221,-0.7178600385202611,0.09591695939183909
0302,Las Granjas,MANRIQUE,0.0,0.6194573107718412,0.0,2.0,54.49,ECV 2022 (Ficha Caracterización Territorial 3),9101.0,0.0,0.0,0.0,-0.6219430791284221,-0.7178600385202611,0.09591695939183909
0211,La Rosa,SANTA CRUZ,0.0,0.160690907855308,0.0,2.0,87.46,ECV 2022 (Ficha Caracterización Territorial 2),2344.0,0.0,0.0,0.0,-0.6219430791284221,-0.7178600385202611,0.09591695939183909
0310,Versalles No. 2,MANRIQUE,0.0,0.1965487660039657,0.0,2.0,54.49,ECV 2022 (Ficha Caracterización Territorial 3),1437.0,0.0,0.0,0.0,-0.6219430791284221,-0.7178600385202611,0.09591695939183909
0315,San Jose la Cima No.2,MANRIQUE,0.0,0.1523433810964047,0.0,2.0,54.49,ECV 2022 (Ficha Caracterización Territorial 3),904.0,0.0,0.0,0.0,-0.6219430791284221,-0.7178600385202611,0.09591695939183909
0311,La Cruz,MANRIQUE,0.0,0.5306234133548079,0.0,2.0,54.49,ECV 2022 (Ficha Caracterización Territorial 3),2695.0,0.0,0.0,0.0,-0.6219430791284221,-0.7178600385202611,0.09591695939183909
0201,La Isla,SANTA CRUZ,0.0,0.2280375967779126,0.0,2.0,87.46,ECV 2022 (Ficha Caracterización Territorial 2),4385.0,0.0,0.0,0.0,-0.6219430791284221,-0.7178600385202611,0.09591695939183909
0206,Andalucia,SANTA CRUZ,0.0,0.2680552689569937,0.0,2.0,87.46,ECV 2022 (Ficha Caracterización Territorial 2),3301.0,0.0,0.0,0.0,-0.6219430791284221,-0.7178600385202611,0.09591695939183909
0209,Moscu No. 1,SANTA CRUZ,0.0,0.1487213057901041,0.0,2.0,87.46,ECV 2022 (Ficha Caracterización Territorial 2),2506.0,0.0,0.0,0.0,-0.6219430791284221,-0.7178600385202611,0.09591695939183909
0204,La Frontera,SANTA CRUZ,0.0,0.1396641318799447,0.0,2.0,87.46,ECV 2022 (Ficha Caracterización Territorial 2),1529.0,0.0,0.0,0.0,-0.6219430791284221,-0.7178600385202611,0.09591695939183909
0202,Playon de Los Comuneros,SANTA CRUZ,0.0,0.210232163178938,0.0,2.0,87.46,ECV 2022 (Ficha Caracterización Territorial 2),3343.0,0.0,0.0,0.0,-0.6219430791284221,-0.7178600385202611,0.09591695939183909
0725,Nueva Villa de la Iguana,ROBLEDO,0.0,0.0761549825810847,0.0,2.0,57.73,ECV 2022 (Ficha Caracterización Territorial 7; estratos 1+2 combined),647.0,0.0,0.0,0.0,-0.6219430791284221,-0.7178600385202611,0.09591695939183909
0208,Villa Niza,SANTA CRUZ,0.0,0.1477627408823698,0.0,2.0,87.46,ECV 2022 (Ficha Caracterización Territorial 2),2037.0,0.0,0.0,0.0,-0.6219430791284221,-0.7178600385202611,0.09591695939183909
0705,Facultad de Minas,ROBLEDO,0.0,0.3271006822219892,0.0,2.0,57.73,ECV 2022 (Ficha Caracterización Territorial 7; estratos 1+2 combined),203.0,0.0,0.0,0.0,-0.6219430791284221,-0.7178600385202611,0.09591695939183909
0602,Doce de Octubre No.1,DOCE DE OCTUBRE,0.0,0.4948692801692329,0.0,2.0,56.15,ECV 2022 (Ficha Caracterización Territorial 6),5613.0,0.0,0.0,0.0,-0.6219430791284221,-0.7178600385202611,0.09591695939183909
0109,Aldea Pablo VI,POPULAR,0.0,0.0553476263135969,0.0,2.0,60.05,ECV 2020 (Ficha Caracterización Territorial 1),669.0,0.0,0.0,0.0,-0.6219430791284221,-0.7178600385202611,0.09591695939183909
0112,Carpinelo,POPULAR,0.0,0.3799710475715787,0.0,2.0,60.05,ECV 2020 (Ficha Caracterización Territorial 1),4267.0,0.0,0.0,0.0,-0.6219430791284221,-0.7178600385202611,0.09591695939183909
0104,Granizal,POPULAR,0.0,0.2490540929413394,0.0,2.0,60.05,ECV 2020 (Ficha Caracterización Territorial 1),3745.0,0.0,0.0,0.0,-0.6219430791284221,-0.7178600385202611,0.09591695939183909
0103,Popular,POPULAR,0.0,0.4328320744800507,0.0,2.0,60.05,ECV 2020 (Ficha Caracterización Territorial 1),7952.0,0.0,0.0,0.0,-0.6219430791284221,-0.7178600385202611,0.09591695939183909
0101,Santo Domingo Savio No. 1,POPULAR,0.0,0.5637861249667874,0.0,2.0,60.05,ECV 2020 (Ficha Caracterización Territorial 1),7549.0,0.0,0.0,0.0,-0.6219430791284221,-0.7178600385202611,0.09591695939183909
0105,Moscu No. 2,POPULAR,0.0,0.3065478341550409,0.0,2.0,60.05,ECV 2020 (Ficha Caracterización Territorial 1),5234.0,0.0,0.0,0.0,-0.6219430791284221,-0.7178600385202611,0.09591695939183909
0102,Santo Domingo Savio No. 2,POPULAR,0.0,0.2591489798802469,0.0,2.0,60.05,ECV 2020 (Ficha Caracterización Territorial 1),3279.0,0.0,0.0,0.0,-0.6219430791284221,-0.7178600385202611,0.09591695939183909
0107,San Pablo,POPULAR,0.0,0.2160051436635841,0.0,2.0,60.05,ECV 2020 (Ficha Caracterización Territorial 1),4008.0,0.0,0.0,0.0,-0.6219430791284221,-0.7178600385202611,0.09591695939183909
0108,El Compromiso,POPULAR,0.0,0.0888881199004418,0.0,2.0,60.05,ECV 2020 (Ficha Caracterización Territorial 1),1894.0,0.0,0.0,0.0,-0.6219430791284221,-0.7178600385202611,0.09591695939183909
0106,Villa Guadalupe,POPULAR,0.0,0.2295926278160974,0.0,2.0,60.05,ECV 2020 (Ficha Caracterización Territorial 1),3510.0,0.0,0.0,0.0,-0.6219430791284221,-0.7178600385202611,0.09591695939183909
1109,Las Acacias,LAURELES,107.0,0.3262294827112694,327.9899753717255,5.0,64.94,ECV 2022 (Ficha Caracterización Territorial 11),2771.0,5.796027280306397,3.8614218693612417,1.5813309608355897,1.580608679769137,1.4856099638874902,0.09499871588164677
0914,Asomadera No. 1,BUENOS AIRES,31.0,0.6073837034047835,51.03857714032282,3.0,58.75,ECV 2022 (Ficha Caracterización Territorial 9),4729.0,3.9519853116164567,0.6555297102981603,0.5041210242640384,0.08022027325625293,0.016629962282322646,0.06359031097393028
0515,Cementerio Universal,CASTILLA,1.0,0.0967980852931363,10.330782855587191,3.0,83.03,ECV 2022 (Ficha Caracterización Territorial 5),155.0,2.4275231684681953,0.6451612903225806,0.4978384282391795,0.07146957952564785,0.016629962282322646,0.0548396172433252
1612,La Gloria,BELEN,32.0,0.6379818583023658,50.15816607254354,3.0,37.91,ECV 2022 (Ficha Caracterización Territorial 16),5060.0,3.934922129167101,0.6324110671936759,0.49005810423351254,0.06063278017883712,0.016629962282322646,0.04400281789651447
1407,Las Lomas No.2,EL POBLADO,76.0,0.3269132080069425,232.47760610022831,6.0,73.5,ECV 2022 (Ficha Caracterización Territorial 14 / El Poblado pilot),1096.0,5.453086167157398,6.934306569343065,2.0711959612930846,2.2629155751010797,2.220099964690074,0.04281561041100579
1417,La Florida,EL POBLADO,269.0,0.7772375250694927,346.09754588978285,6.0,73.5,ECV 2022 (Ficha Caracterización Territorial 14 / El Poblado pilot),3973.0,5.849605852516565,6.770702240120816,2.0503605386896027,2.23389502352823,2.220099964690074,0.013795058838156127
1422,La Aguacatala,EL POBLADO,95.0,0.6718859832053218,141.3930374716106,6.0,73.5,ECV 2022 (Ficha Caracterización Territorial 14 / El Poblado pilot),1428.0,4.958591103622479,6.652661064425771,2.0350534389110417,2.2125745786777262,2.220099964690074,-0.007525386012347646
1112,El Velodromo,LAURELES,81.0,0.3713379659445819,218.1301332708015,5.0,64.94,ECV 2022 (Ficha Caracterización Territorial 11),2319.0,5.3896657691885785,3.4928848641655885,1.502495004156652,1.4708022702646948,1.4856099638874902,-0.014807693622795437
0409,Manrique Central No. 1,ARANJUEZ,15.0,0.3560259733860044,42.1317575719032,3.0,54.48,ECV 2022 (Ficha Caracterización Territorial 4),2947.0,3.7642595603952755,0.508992195453003,0.4114420077730017,-0.048867397725262766,0.016629962282322646,-0.06549736000758541
1001,Prado,LA CANDELARIA,74.0,0.6214674692983277,119.07300648181992,4.0,51.57,ECV 2022 (Ficha Caracterización Territorial 10),4976.0,4.78809994513799,1.487138263665595,0.9111327578338867,0.647125261439444,0.7511199630849064,-0.10399470164546232
1605,San Bernardo,BELEN,33.0,0.5205880314849752,63.3898553254627,3.0,37.91,ECV 2022 (Ficha Caracterización Territorial 16),7285.0,4.164956094699652,0.45298558682223744,0.3736204649396603,-0.10154701240110331,0.016629962282322646,-0.11817697468342596
1618,Nueva Villa de Aburra,BELEN,5.0,0.1829544732853143,27.329203327007953,3.0,37.91,ECV 2022 (Ficha Caracterización Territorial 16),1173.0,3.343893192268336,0.4262574595055414,0.3550538523333485,-0.12740745924342203,0.016629962282322646,-0.14403742152574467
0415,Miranda,ARANJUEZ,9.0,0.229473164910632,39.22027224187646,3.0,54.48,ECV 2022 (Ficha Caracterización Territorial 4),2210.0,3.6943711531400076,0.40723981900452494,0.34163021066148136,-0.14610453550856928,0.016629962282322646,-0.1627344977908919
0909,Cataluna,BUENOS AIRES,14.0,0.3975504414003256,35.21565703885679,3.0,58.75,ECV 2022 (Ficha Caracterización Territorial 9),3456.0,3.58949154020967,0.40509259259259256,0.3401032028153879,-0.14823142349126348,0.016629962282322646,-0.1648613857735861
1205,La Floresta,LA AMERICA,60.0,0.3800688522177952,157.86613307006152,4.0,39.78,ECV 2020 (Ficha Caracterización Territorial 12),4369.0,5.068061917220821,1.373311970702678,0.8642864356068423,0.5818755117194129,0.7511199630849064,-0.1692444513654935
1416,Alejandría,EL POBLADO,133.0,0.4400322061472673,302.25060380123256,6.0,73.5,ECV 2022 (Ficha Caracterización Territorial 14 / El Poblado pilot),2290.0,5.714559538922697,5.807860262008734,1.9180778655035369,2.049645526292254,2.220099964690074,-0.1704544383978197
0912,El Salvador,BUENOS AIRES,19.0,0.3403349121094977,55.8273610022325,3.0,58.75,ECV 2022 (Ficha Caracterización Territorial 9),4926.0,4.040017917528939,0.3857084855866829,0.32621155078616915,-0.16758036648216076,0.016629962282322646,-0.1842103287644834
0904,Los Cerros El Vergel,BUENOS AIRES,11.0,0.3099349908336193,35.49131374425893,3.0,58.75,ECV 2022 (Ficha Caracterización Territorial 9),3268.0,3.597074252657461,0.33659730722154224,0.29012706144484746,-0.21784053177080562,0.016629962282322646,-0.23447049405312825
1604,Granada,BELEN,5.0,0.1825860795677543,27.38434393156786,3.0,37.91,ECV 2022 (Ficha Caracterización Territorial 16),1531.0,3.345837723146763,0.32658393207054215,0.28260716592270096,-0.2283145941393041,0.016629962282322646,-0.24494455642162674
0908,Miraflores,BUENOS AIRES,9.0,0.2804394383789627,32.09249045720218,3.0,58.75,ECV 2022 (Ficha Caracterización Territorial 9),2815.0,3.499306382238358,0.3197158081705151,0.27741641657806876,-0.23554451272192314,0.016629962282322646,-0.2521744750042458
0404,Bermejal-Los Alamos,ARANJUEZ,9.0,0.162598655708202,55.35101111875926,3.0,54.48,ECV 2022 (Ficha Caracterización Territorial 4),3083.0,4.0316001838697755,0.2919234511839118,0.2561321552954939,-0.2651902278099265,0.016629962282322646,-0.2818201900922492
1102,Suramericana,LAURELES,48.0,0.4507240549783652,106.49531452743076,5.0,64.94,ECV 2022 (Ficha Caracterización Territorial 11),1786.0,4.677447260826487,2.6875699888017914,1.304967701499865,1.1956770000511117,1.4856099638874902,-0.28993296383637857
1013,Barrio Colon,LA CANDELARIA,18.0,0.3353776427656514,53.670840583066784,4.0,51.57,ECV 2022 (Ficha Caracterización Territorial 10),1560.0,4.001330488370684,1.153846153846154,0.7672551527136673,0.44672580043347215,0.7511199630849064,-0.3043941626514342
1606,Las Playas,BELEN,8.0,0.3380031758031374,23.66841666795293,3.0,37.91,ECV 2022 (Ficha Caracterización Territorial 16),3372.0,3.2055237480176033,0.2372479240806643,0.212889496998917,-0.3254206257781062,0.016629962282322646,-0.3420505880604289
0905,Alejandro Echavarria,BUENOS AIRES,5.0,0.3280694877605413,15.24067365767801,3.0,58.75,ECV 2022 (Ficha Caracterización Territorial 9),2506.0,2.787518815257317,0.19952114924181963,0.18192243485690618,-0.3685529989991649,0.016629962282322646,-0.38518296128148755
1016,Boston,LA CANDELARIA,71.0,0.5330868051797075,133.18656419579804,4.0,51.57,ECV 2022 (Ficha Caracterización Territorial 10),7120.0,4.899231101759428,0.9971910112359551,0.6917416989512104,0.34154712846397967,0.7511199630849064,-0.4095728346209267
1204,La America,LA AMERICA,39.0,0.3979387027358426,98.00504382175856,4.0,39.78,ECV 2020 (Ficha Caracterización Territorial 12),3990.0,4.595170796531331,0.9774436090225564,0.6818049039560108,0.3277066954132561,0.7511199630849064,-0.4234132676716503
1608,La Mota,BELEN,6.0,0.4486004699207473,13.374930260460935,3.0,37.91,ECV 2022 (Ficha Caracterización Territorial 16),3676.0,2.66548573522545,0.1632208922742111,0.15119278866935817,-0.4113546881692288,0.016629962282322646,-0.4279846504515515
1609,La Hondonada,BELEN,9.0,0.4348016138275965,20.69909520521834,3.0,37.91,ECV 2022 (Ficha Caracterización Territorial 16),5622.0,3.0772705640650697,0.16008537886872998,0.14849360488278723,-0.415114237652506,0.016629962282322646,-0.43174419993482865
1020,San Diego,LA CANDELARIA,41.0,0.7609107297998011,53.88279911729891,4.0,51.57,ECV 2022 (Ficha Caracterización Territorial 10),4248.0,4.005199986440913,0.9651600753295668,0.6755737052753166,0.31902759030868577,0.7511199630849064,-0.4320923727762206
0413,Aranjuez,ARANJUEZ,5.0,0.3636541638631917,13.749326961868698,3.0,54.48,ECV 2022 (Ficha Caracterización Territorial 4),3488.0,2.691197452040945,0.143348623853211,0.1339613460528587,-0.4353554477719236,0.016629962282322646,-0.45198541005424625
1207,El Danubio,LA AMERICA,18.0,0.1650921787424061,109.02999849608535,4.0,39.78,ECV 2020 (Ficha Caracterización Territorial 12),1984.0,4.700753042213598,0.9072580645161291,0.6456666423269508,0.27737163356603417,0.7511199630849064,-0.4737483295188722
0414,Brasilia,ARANJUEZ,5.0,0.3245372474490916,15.406552065443035,3.0,54.48,ECV 2022 (Ficha Caracterización Territorial 4),4194.0,2.797680771230362,0.11921793037672865,0.11263016494910355,-0.46506651498242835,0.016629962282322646,-0.481696477264751
0911,Gerona,BUENOS AIRES,4.0,0.25915907057327,15.43453598267598,3.0,58.75,ECV 2022 (Ficha Caracterización Territorial 9),3566.0,2.7993849732327294,0.11217049915872125,0.10631351065665556,-0.4738646466618508,0.016629962282322646,-0.49049460894417346
0502,Las Brisas,CASTILLA,3.0,0.4130904469743853,7.262332067887356,3.0,83.03,ECV 2022 (Ficha Caracterización Territorial 5),2719.0,2.1117068803585313,0.11033468186833395,0.1046614850743681,-0.47616566519758374,0.016629962282322646,-0.4927956274799064
1611,Loma de los Bernal,BELEN,7.0,0.4660673124478791,15.019289731422258,3.0,37.91,ECV 2022 (Ficha Caracterización Territorial 16),6519.0,2.7737936042916758,0.10737843227488879,0.10199544921462168,-0.47987904469725884,0.016629962282322646,-0.4965090069795815
0412,La Pinuela,ARANJUEZ,3.0,0.2150417819725358,13.950777251200169,3.0,54.48,ECV 2022 (Ficha Caracterización Territorial 4),2873.0,2.704763288532094,0.10442046641141664,0.09932073260390602,-0.4836045151530901,0.016629962282322646,-0.5002344774354127
0504,Tejelo,CASTILLA,4.0,0.4318007849214149,9.263531099712974,3.0,83.03,ECV 2022 (Ficha Caracterización Territorial 5),4058.0,2.328596942297945,0.09857072449482504,0.09400999356005411,-0.4910015610035685,0.016629962282322646,-0.5076315232858911
1607,Diego Echavarria,BELEN,2.0,0.2710056989726193,7.379918605335554,3.0,37.91,ECV 2022 (Ficha Caracterización Territorial 16),2045.0,2.125838201479703,0.09779951100244498,0.09330773169945254,-0.491979704184587,0.016629962282322646,-0.5086096664669096
1405,Lalinde,EL POBLADO,60.0,0.2361301880596891,254.0971169041426,6.0,73.5,ECV 2022 (Ficha Caracterización Territorial 14 / El Poblado pilot),1384.0,5.541644323257724,4.335260115606936,1.6743376400050731,1.7101527346618086,2.220099964690074,-0.5099472300282653
0403,Palermo,ARANJUEZ,2.0,0.2237986482468193,8.936604468648413,3.0,54.48,ECV 2022 (Ficha Caracterización Territorial 4),2107.0,2.2962253595573032,0.09492168960607499,0.09068284436956463,-0.4956357700863749,0.016629962282322646,-0.5122657323686975
0402,San Isidro,ARANJUEZ,5.0,0.4193729720798517,11.922561378247243,3.0,54.48,ECV 2022 (Ficha Caracterización Territorial 4),5657.0,2.5589747277960457,0.088386070355312,0.08469592956805443,-0.5039746251730218,0.016629962282322646,-0.5206045874553444
1511,La Colina,GUAYABAL,6.0,0.7030424238274928,8.534335619940105,3.0,54.99,ECV 2022 (Ficha Caracterización Territorial 15),6800.0,2.2548995585901572,0.08823529411764706,0.08455738802806306,-0.504167592312821,0.016629962282322646,-0.5207975545951437
0510,Tricentenario,CASTILLA,2.0,0.4340085064260003,4.608204609789153,3.0,83.03,ECV 2022 (Ficha Caracterización Territorial 5),2312.0,1.724230634407149,0.08650519031141869,0.08296629779582121,-0.5063837372416076,0.016629962282322646,-0.5230136995239302
1610,El Rincon,BELEN,7.0,0.6507398693138882,10.756986516563824,3.0,37.91,ECV 2022 (Ficha Caracterización Territorial 16),8406.0,2.464447661041689,0.08327385201046872,0.07998780032966539,-0.5105323278879874,0.016629962282322646,-0.52716229017031
1617,Las Mercedes,BELEN,3.0,0.3587574231130476,8.362196310721837,3.0,37.91,ECV 2022 (Ficha Caracterización Territorial 16),3754.0,2.2366799115452207,0.07991475759190196,0.07688210986549121,-0.514858078893864,0.016629962282322646,-0.5314880411761866
1503,Trinidad,GUAYABAL,3.0,0.6728486739953228,4.458654844611991,3.0,54.99,ECV 2022 (Ficha Caracterización Territorial 15),3873.0,1.6972023939481802,0.0774593338497289,0.07460580107680043,-0.5180286282921225,0.016629962282322646,-0.5346585905744451
0903,Bombona No. 2,BUENOS AIRES,5.0,0.6371753757761899,7.847133128629045,3.0,58.75,ECV 2022 (Ficha Caracterización Territorial 9),6589.0,2.180093466271951,0.07588404917286386,0.07314269494119763,-0.520066510982235,0.016629962282322646,-0.5366964732645576
0401,Berlin,ARANJUEZ,3.0,0.3028517581144588,9.905836501256797,3.0,54.48,ECV 2022 (Ficha Caracterización Territorial 4),4021.0,2.3892981047590713,0.07460830639144492,0.07195622903465915,-0.5217190762162309,0.016629962282322646,-0.5383490384985535
0519,El Progreso,CASTILLA,1.0,0.3915328239444675,2.5540642797852207,3.0,83.03,ECV 2022 (Ficha Caracterización Territorial 5),1440.0,1.2680918161713808,0.06944444444444445,0.06713930283762855,-0.5284283164262268,0.016629962282322646,-0.5450582787085494
0902,Barrio de Jesus,BUENOS AIRES,3.0,0.4305562448507603,6.967730780539165,3.0,58.75,ECV 2022 (Ficha Caracterización Territorial 9),4474.0,2.075399732128548,0.06705409029950828,0.0649016648487005,-0.5315450033250182,0.016629962282322646,-0.5481749656073408
0410,Campo Valdes No. 1,ARANJUEZ,3.0,0.3704878110689982,8.097432386085412,3.0,54.48,ECV 2022 (Ficha Caracterización Territorial 4),4521.0,2.2079922183342577,0.06635700066357,0.06424816711101712,-0.5324552255537726,0.016629962282322646,-0.5490851878360952
0514,Alfonso Lopez,CASTILLA,3.0,0.3655270790821037,8.207326273975308,3.0,83.03,ECV 2022 (Ficha Caracterización Territorial 5),4536.0,2.2199995012769547,0.06613756613756613,0.06404236632709528,-0.5327418745158405,0.016629962282322646,-0.5493718367981631
0913,Loreto,BUENOS AIRES,6.0,0.5920762032838234,10.13383069058052,3.0,58.75,ECV 2022 (Ficha Caracterización Territorial 9),9535.0,2.4099882831233783,0.06292606187729419,0.061025540851580976,-0.5369438502071721,0.016629962282322646,-0.5535738124894947
1613,Altavista,BELEN,3.0,0.3907886184001007,7.676784478222732,3.0,37.91,ECV 2022 (Ficha Caracterización Territorial 16),5037.0,2.1606510082203756,0.05955926146515784,0.05785303058829433,-0.5413626709560115,0.016629962282322646,-0.5579926332383341
1409,El Tesoro,EL POBLADO,178.0,1.1507809429918838,154.6775701179259,6.0,73.5,ECV 2022 (Ficha Caracterización Territorial 14 / El Poblado pilot),4298.0,5.047787010131957,4.141461144718474,1.6373373084706646,1.6586169415108027,2.220099964690074,-0.5614830231792711
0509,Girardot,CASTILLA,2.0,0.5097117955052823,3.9237859857988577,3.0,83.03,ECV 2022 (Ficha Caracterización Territorial 5),3618.0,1.594077743892439,0.055279159756771695,0.05380533833045248,-0.5470004861400478,0.016629962282322646,-0.5636304484223704
1018,Villa Nueva,LA CANDELARIA,18.0,0.3058558459011137,58.85125375638424,4.0,51.57,ECV 2022 (Ficha Caracterización Territorial 10),2314.0,4.091862380095083,0.7778738115816767,0.5754181624592806,0.1795262636058721,0.7511199630849064,-0.5715936994790343
1616,Las Violetas,BELEN,2.0,0.4887923178917995,4.09171733431933,3.0,37.91,ECV 2022 (Ficha Caracterización Territorial 16),4182.0,1.6276151674338502,0.04782400765184123,0.04671564016683295,-0.556875349496977,0.016629962282322646,-0.5735053117792996
0910,La Milagrosa,BUENOS AIRES,1.0,0.1827787276523932,5.471096187417334,3.0,58.75,ECV 2022 (Ficha Caracterización Territorial 9),2270.0,1.8673455203468734,0.04405286343612335,0.043110123653728516,-0.5618972816126147,0.016629962282322646,-0.5785272438949373
0505,Boyaca,CASTILLA,1.0,0.2763518748510389,3.618575052327858,3.0,83.03,ECV 2022 (Ficha Caracterización Territorial 5),2381.0,1.5300862272871956,0.041999160016799666,0.04114113720493823,-0.5646397780750484,0.016629962282322646,-0.581269740357371
1007,Guayaquil,LA CANDELARIA,3.0,0.3162064091745641,9.487473729047114,4.0,51.57,ECV 2022 (Ficha Caracterización Territorial 10),397.0,2.350181566812558,0.7556675062972292,0.5628491300733335,0.16201952714465734,0.7511199630849064,-0.589100435940249
0513,Francisco Antonio Zea,CASTILLA,1.0,0.2108590540779935,4.742504439150692,3.0,83.03,ECV 2022 (Ficha Caracterización Territorial 5),3611.0,1.7478954286153308,0.027693159789531983,0.02731663978313984,-0.5838951849863043,0.016629962282322646,-0.6005251472686269
0503,Florencia,CASTILLA,1.0,0.2479461833513524,4.0331332649833485,3.0,83.03,ECV 2022 (Ficha Caracterización Territorial 5),3638.0,1.6160427056839644,0.027487630566245192,0.027116628937440584,-0.5841737694514821,0.016629962282322646,-0.6008037317338047
0405,Moravia,ARANJUEZ,1.0,0.5025030982141945,1.9900374814679151,3.0,54.48,ECV 2022 (Ficha Caracterización Territorial 4),9064.0,1.0952859229320233,0.011032656663724626,0.010972240865543898,-0.6066604286169306,0.016629962282322646,-0.6232903908992532
0901,Juan Pablo II,BUENOS AIRES,0.0,0.0923360581391573,0.0,3.0,58.75,ECV 2022 (Ficha Caracterización Territorial 9),976.0,0.0,0.0,0.0,-0.6219430791284221,0.016629962282322646,-0.6385730414107447
0512,Oleoducto,CASTILLA,0.0,0.2661825603554361,0.0,3.0,83.03,ECV 2022 (Ficha Caracterización Territorial 5),116.0,0.0,0.0,0.0,-0.6219430791284221,0.016629962282322646,-0.6385730414107447
0508,Belalcazar,CASTILLA,0.0,0.1497255363780079,0.0,3.0,83.03,ECV 2022 (Ficha Caracterización Territorial 5),1833.0,0.0,0.0,0.0,-0.6219430791284221,0.016629962282322646,-0.6385730414107447
0501,Toscana,CASTILLA,0.0,0.2922683431816139,0.0,3.0,83.03,ECV 2022 (Ficha Caracterización Territorial 5),2420.0,0.0,0.0,0.0,-0.6219430791284221,0.016629962282322646,-0.6385730414107447
0917,Ocho de Marzo,BUENOS AIRES,0.0,0.057661956899757,0.0,3.0,58.75,ECV 2022 (Ficha Caracterización Territorial 9),770.0,0.0,0.0,0.0,-0.6219430791284221,0.016629962282322646,-0.6385730414107447
0408,San Pedro,ARANJUEZ,0.0,0.2442226909511201,0.0,3.0,54.48,ECV 2022 (Ficha Caracterización Territorial 4),1663.0,0.0,0.0,0.0,-0.6219430791284221,0.016629962282322646,-0.6385730414107447
0411,Las Esmeraldas,ARANJUEZ,0.0,0.1535201148097462,0.0,3.0,54.48,ECV 2022 (Ficha Caracterización Territorial 4),2570.0,0.0,0.0,0.0,-0.6219430791284221,0.016629962282322646,-0.6385730414107447
0507,Hector Abad Gomez,CASTILLA,0.0,0.2327787131320612,0.0,3.0,83.03,ECV 2022 (Ficha Caracterización Territorial 5),1811.0,0.0,0.0,0.0,-0.6219430791284221,0.016629962282322646,-0.6385730414107447
0511,Castilla,CASTILLA,0.0,0.5629532647462223,0.0,3.0,83.03,ECV 2022 (Ficha Caracterización Territorial 5),8072.0,0.0,0.0,0.0,-0.6219430791284221,0.016629962282322646,-0.6385730414107447
1411,Los Balsos No.1,EL POBLADO,149.0,1.4166583549923688,105.1770876689621,6.0,73.5,ECV 2022 (Ficha Caracterización Territorial 14 / El Poblado pilot),4064.0,4.665108338534517,3.6663385826771653,1.5403747347636911,1.5235629315945745,2.220099964690074,-0.6965370330954994
1421,Patio Bonito,EL POBLADO,93.0,0.6913474278739958,134.51991900221557,6.0,73.5,ECV 2022 (Ficha Caracterización Territorial 14 / El Poblado pilot),2600.0,4.909118633222158,3.5769230769230766,1.5210269550900473,1.4966144387070204,2.220099964690074,-0.7234855259830535
1208,Campo Alegre,LA AMERICA,14.0,0.4708427497556067,29.733918611397904,4.0,39.78,ECV 2020 (Ficha Caracterización Territorial 12),2833.0,3.425366885467921,0.4941757853865161,0.40157474069040716,-0.06261098904582771,0.7511199630849064,-0.8137309521307341
1403,Villa Carlota,EL POBLADO,70.0,0.9356686950513732,74.81280539812933,6.0,73.5,ECV 2022 (Ficha Caracterización Territorial 14 / El Poblado pilot),2162.0,4.32826721503092,3.2377428307123033,1.4440307762475337,1.3893705578635331,2.220099964690074,-0.8307294068265407
1209,Santa Monica,LA AMERICA,13.0,0.3364547345057007,38.63818417980899,4.0,39.78,ECV 2020 (Ficha Caracterización Territorial 12),2835.0,3.679792900637831,0.45855379188712525,0.3774453912959393,-0.09621947598884946,0.7511199630849064,-0.8473394390737559
1110,La Castellana,LAURELES,42.0,0.5933935266445046,70.77933633266905,5.0,64.94,ECV 2022 (Ficha Caracterización Territorial 11),3053.0,4.2735966398236815,1.3756960366852276,0.8652904626285345,0.5832739675375678,1.4856099638874902,-0.9023359963499225
1206,Santa Lucia,LA AMERICA,12.0,0.3277548248649229,36.61273332877873,4.0,39.78,ECV 2020 (Ficha Caracterización Territorial 12),3060.0,3.6273426454272175,0.39215686274509803,0.3308542443169896,-0.16111380568268865,0.7511199630849064,-0.912233768767595
1005,Estacion Villa,LA CANDELARIA,1.0,0.1810855462351149,5.522251890284143,4.0,51.57,ECV 2022 (Ficha Caracterización Territorial 10),262.0,1.875219698253368,0.38167938931297707,0.3232997080646742,-0.17163611728114142,0.7511199630849064,-0.9227560803660477
1201,Ferrini,LA AMERICA,6.0,0.2098389778433475,28.59335315900757,4.0,39.78,ECV 2020 (Ficha Caracterización Territorial 12),1674.0,3.3875497806747337,0.35842293906810035,0.30632442326106074,-0.19528008829542493,0.7511199630849064,-0.9464000513803312
1017,Los Angeles,LA CANDELARIA,8.0,0.2352979271203873,33.99944954001612,4.0,51.57,ECV 2022 (Ficha Caracterización Territorial 10),2408.0,3.5553323339376255,0.33222591362126247,0.28685116255769344,-0.22240335703292466,0.7511199630849064,-0.973523320117831
1006,San Benito,LA CANDELARIA,1.0,0.4681227983057415,2.136191622410318,4.0,51.57,ECV 2022 (Ficha Caracterización Territorial 10),308.0,1.1430092047063056,0.3246753246753247,0.2811673914305872,-0.23031997942458637,0.7511199630849064,-0.9814399425094927
1210,Barrio Cristobal,LA AMERICA,8.0,0.1489897779331014,53.694958882294046,4.0,39.78,ECV 2020 (Ficha Caracterización Territorial 12),2551.0,4.001771545807947,0.31360250882007057,0.272773369595499,-0.24201156582553096,0.7511199630849064,-0.9931315289104373
1014,Las Palmas,LA CANDELARIA,9.0,0.2326020866280012,38.69268814597366,4.0,51.57,ECV 2022 (Ficha Caracterización Territorial 10),2872.0,3.681166993047069,0.31337047353760444,0.2725967135852333,-0.24225762058305308,0.7511199630849064,-0.9933775836679595
1401,Barrio Colombia,EL POBLADO,2.0,0.3937691097473189,5.079118576069609,6.0,73.5,ECV 2022 (Ficha Caracterización Territorial 14 / El Poblado pilot),82.0,1.8048597144275758,2.4390243902439024,1.2351878236738605,1.0984843209422994,2.220099964690074,-1.1216156437477744
1008,Corazon de Jesus,LA CANDELARIA,2.0,0.3201534561114965,6.2470042469367595,4.0,51.57,ECV 2022 (Ficha Caracterización Territorial 10),1263.0,1.980588176153847,0.1583531274742676,0.1469992786696332,-0.41719560512754106,0.7511199630849064,-1.1683155682124475
1212,Santa Teresita,LA AMERICA,6.0,0.4222275731277572,14.210346225267775,4.0,39.78,ECV 2020 (Ficha Caracterización Territorial 12),3968.0,2.721975869014612,0.15120967741935484,0.14081328293108275,-0.42581174945907146,0.7511199630849064,-1.1769317125439778
1213,Calasanz Parte Alta,LA AMERICA,6.0,0.4805150258063107,12.486602245022242,4.0,39.78,ECV 2020 (Ficha Caracterización Territorial 12),4891.0,2.6016967663687005,0.12267429973420568,0.11571360673951543,-0.46077175297047024,0.7511199630849064,-1.2118917160553766
1004,El Chagualo,LA CANDELARIA,4.0,0.3107442246961214,12.872322901291644,4.0,51.57,ECV 2022 (Ficha Caracterización Territorial 10),3417.0,2.6298956969653475,0.11706175007316359,0.11070180062993791,-0.46775243104185293,0.7511199630849064,-1.2188723941267594
1003,Jesus Nazareno,LA CANDELARIA,1.0,0.3228057167843225,3.0978385697801443,4.0,51.57,ECV 2022 (Ficha Caracterización Territorial 10),1116.0,1.410459656600626,0.08960573476702509,0.08581591958485607,-0.5024146506689176,0.7511199630849064,-1.253534613753824
1408,Altos del Poblado,EL POBLADO,35.0,0.9560707380705008,36.60816988357518,6.0,73.5,ECV 2022 (Ficha Caracterización Territorial 14 / El Poblado pilot),1693.0,3.6272213109307074,2.067336089781453,1.1208094617111837,0.9391727861908414,2.220099964690074,-1.2809271784992324
1101,Carlos E. Restrepo,LAURELES,16.0,0.4969365731325552,32.19726795140129,5.0,64.94,ECV 2022 (Ficha Caracterización Territorial 11),2403.0,3.502467581915941,0.6658343736995422,0.5103261232561047,0.08886302549319604,1.4856099638874902,-1.396746938394294
1412,San Lucas,EL POBLADO,54.0,1.1979316941751224,45.07769538327774,6.0,73.5,ECV 2022 (Ficha Caracterización Territorial 14 / El Poblado pilot),3081.0,3.8303290017531952,1.7526777020447908,1.012574147765032,0.7884175761739857,2.220099964690074,-1.431682388516088
1114,Los Colores,LAURELES,29.0,0.5952006214782388,48.72306740536606,5.0,64.94,ECV 2022 (Ficha Caracterización Territorial 11),4878.0,3.906468958330972,0.5945059450594506,0.46656393593982703,0.02790900319558713,1.4856099638874902,-1.4577009606919031
1414,El Castillo,EL POBLADO,16.0,0.724396496689442,22.08735143408542,6.0,73.5,ECV 2022 (Ficha Caracterización Territorial 14 / El Poblado pilot),960.0,3.1392849105976883,1.6666666666666667,0.9808292530117263,0.7442018012940926,2.220099964690074,-1.4758981633959811
1410,Los Naranjos,EL POBLADO,47.0,0.946838197826916,49.63889301030469,6.0,73.5,ECV 2022 (Ficha Caracterización Territorial 14 / El Poblado pilot),2921.0,3.9247199176109033,1.609038000684697,0.9589815712783765,0.7137713278376085,2.220099964690074,-1.5063286368524653
1413,El Diamante No. 2,EL POBLADO,41.0,0.7622301374613736,53.78952889025291,6.0,73.5,ECV 2022 (Ficha Caracterización Territorial 14 / El Poblado pilot),3365.0,4.0034990970511,1.2184249628528976,0.7967974678944626,0.4878737194174804,2.220099964690074,-1.7322262452725934
1115,Cuarta Brigada,LAURELES,6.0,0.3249904815595069,18.462079169852174,5.0,64.94,ECV 2022 (Ficha Caracterización Territorial 11),2462.0,2.9684679143111703,0.2437043054427295,0.21809426947323027,-0.31817117512427046,1.4856099638874902,-1.8037811390117606
1423,Santa María de los Ángeles,EL POBLADO,29.0,0.5431899839936879,53.38831873663008,6.0,73.5,ECV 2022 (Ficha Caracterización Territorial 14 / El Poblado pilot),3551.0,3.996149401698237,0.8166713601802309,0.5970059035891537,0.20959467962619868,2.220099964690074,-2.0105052850638754
1415,Los Balsos No.2,EL POBLADO,17.0,0.4802387321981912,35.39906063425183,6.0,73.5,ECV 2022 (Ficha Caracterización Territorial 14 / El Poblado pilot),2597.0,3.5945429675583718,0.6546014632268001,0.5035601721122467,0.07943909213477693,2.220099964690074,-2.140660872555297
1404,Castropol,EL POBLADO,20.0,0.6050651918116758,33.0542894727035,6.0,73.5,ECV 2022 (Ficha Caracterización Territorial 14 / El Poblado pilot),4540.0,3.5279560003647292,0.4405286343612335,0.36501015341585075,-0.11353985720153743,2.220099964690074,-2.3336398218916115
1116,U.D. Atanasio Girardot,LAURELES,6.0,0.4396424989163892,13.64745222490666,5.0,64.94,ECV 2022 (Ficha Caracterización Territorial 11),0.0,2.6842664107763694,,,,1.4856099638874902,
1106,Universidad Pontificia Bolivariana,LAURELES,15.0,0.1827566315290873,82.07636502433904,5.0,64.94,ECV 2022 (Ficha Caracterización Territorial 11),0.0,4.419760245334545,,,,1.4856099638874902,
1012,Perpetuo Socorro,LA CANDELARIA,1.0,0.7152224198463415,1.3981664615810565,4.0,51.57,ECV 2022 (Ficha Caracterización Territorial 10),39.0,0.8747044710355583,,,,0.7511199630849064,
1002,Hospital San Vicente de Paul,LA CANDELARIA,7.0,0.090998093171127,76.92468881557885,4.0,51.57,ECV 2022 (Ficha Caracterización Territorial 10),0.0,4.355742832261774,,,,0.7511199630849064,
1009,La Alpujarra,LA CANDELARIA,1.0,0.2802718750959003,3.5679641407395266,4.0,51.57,ECV 2022 (Ficha Caracterización Territorial 10),7.0,1.5190676222220927,,,,0.7511199630849064,
1010,Centro Administrativo,LA CANDELARIA,0.0,0.1390350113048243,0.0,4.0,51.57,ECV 2022 (Ficha Caracterización Territorial 10),27.0,0.0,,,,0.7511199630849064,
1502,Tenche,GUAYABAL,1.0,0.1762278828827256,5.6744709386622425,3.0,54.99,ECV 2022 (Ficha Caracterización Territorial 15),19.0,1.8982899410195568,,,,0.016629962282322646,
1501,El Rodeo,GUAYABAL,6.0,0.7728801874827629,7.763169631171086,3.0,54.99,ECV 2022 (Ficha Caracterización Territorial 15),0.0,2.170557669545958,,,,0.016629962282322646,
0417,Parque Norte,ARANJUEZ,0.0,0.286039750361496,0.0,3.0,54.48,ECV 2022 (Ficha Caracterización Territorial 4),3.0,0.0,,,,0.016629962282322646,
0406,Universidad de Antioquia,ARANJUEZ,0.0,0.3125118639938009,0.0,3.0,54.48,ECV 2022 (Ficha Caracterización Territorial 4),47.0,0.0,,,,0.016629962282322646,
0416,Jardin Botanico,ARANJUEZ,1.0,0.1609092211686307,6.214684234609607,3.0,54.48,ECV 2022 (Ficha Caracterización Territorial 4),0.0,1.9761184261412394,,,,0.016629962282322646,
0516,Terminal de Transporte,CASTILLA,0.0,0.2803825089326704,0.0,3.0,83.03,ECV 2022 (Ficha Caracterización Territorial 5),23.0,0.0,,,,0.016629962282322646,
0506,Plaza de Ferias,CASTILLA,0.0,0.3082856313636403,0.0,3.0,83.03,ECV 2022 (Ficha Caracterización Territorial 5),6.0,0.0,,,,0.016629962282322646,
