codigo,nombre_barrio,comuna,listing_count,area_km2,density_per_km2
1421,Patio Bonito,EL POBLADO,93.0,0.6913474278739958,134.51991900221557
1404,Castropol,EL POBLADO,20.0,0.6050651918116758,33.0542894727035
1411,Los Balsos No.1,EL POBLADO,149.0,1.4166583549923688,105.1770876689621
1406,Las Lomas No.1,EL POBLADO,287.0,0.4943810930810547,580.5238186019096
1408,Altos del Poblado,EL POBLADO,35.0,0.9560707380705008,36.60816988357518
1414,El Castillo,EL POBLADO,16.0,0.724396496689442,22.08735143408542
1410,Los Naranjos,EL POBLADO,47.0,0.9468381978269161,49.63889301030469
1419,Manila,EL POBLADO,259.0,0.2809807233836865,921.771418626212
1415,Los Balsos No.2,EL POBLADO,17.0,0.48023873219819124,35.39906063425183
1420,Astorga,EL POBLADO,112.0,0.22497750664060157,497.8275458395867
1422,La Aguacatala,EL POBLADO,95.0,0.6718859832053218,141.3930374716106
1405,Lalinde,EL POBLADO,60.0,0.2361301880596891,254.0971169041426
1401,Barrio Colombia,EL POBLADO,2.0,0.3937691097473189,5.079118576069609
1416,Alejandría,EL POBLADO,133.0,0.44003220614726735,302.25060380123256
1417,La Florida,EL POBLADO,269.0,0.7772375250694927,346.09754588978285
1418,El Poblado,EL POBLADO,435.0,0.2542508809775411,1710.9085259705555
1403,Villa Carlota,EL POBLADO,70.0,0.9356686950513733,74.81280539812933
1423,Santa María de los Ángeles,EL POBLADO,29.0,0.5431899839936879,53.388318736630076
1413,El Diamante No. 2,EL POBLADO,41.0,0.7622301374613736,53.78952889025291
1407,Las Lomas No.2,EL POBLADO,76.0,0.32691320800694257,232.47760610022831
1412,San Lucas,EL POBLADO,54.0,1.1979316941751224,45.07769538327774
1409,El Tesoro,EL POBLADO,178.0,1.1507809429918838,154.6775701179259
0109,Aldea Pablo VI,POPULAR,0.0,0.055347626313596965,0.0
0110,La Esperanza No. 2,POPULAR,1.0,0.062270343970862424,16.05900877097966
0112,Carpinelo,POPULAR,0.0,0.37997104757157874,0.0
0104,Granizal,POPULAR,0.0,0.24905409294133946,0.0
0103,Popular,POPULAR,0.0,0.43283207448005073,0.0
0101,Santo Domingo Savio No. 1,POPULAR,0.0,0.5637861249667874,0.0
0105,Moscu No. 2,POPULAR,0.0,0.3065478341550409,0.0
0102,Santo Domingo Savio No. 2,POPULAR,0.0,0.2591489798802469,0.0
0111,La Avanzada,POPULAR,1.0,0.26496682511266495,3.774057373313795
0107,San Pablo,POPULAR,0.0,0.2160051436635841,0.0
0108,El Compromiso,POPULAR,0.0,0.0888881199004418,0.0
0106,Villa Guadalupe,POPULAR,0.0,0.22959262781609746,0.0
1602,Rosales,BELEN,132.0,0.5987362087240596,220.4643682420667
1620,El Nogal-Los Almendros,BELEN,63.0,0.1909404227257664,329.9458496040005
1615,Los Alpes,BELEN,23.0,0.26268689820734675,87.55670784100317
1617,Las Mercedes,BELEN,3.0,0.35875742311304765,8.362196310721837
1610,El Rincon,BELEN,7.0,0.6507398693138882,10.756986516563824
1607,Diego Echavarria,BELEN,2.0,0.27100569897261934,7.379918605335554
1609,La Hondonada,BELEN,9.0,0.4348016138275965,20.69909520521834
1604,Granada,BELEN,5.0,0.18258607956775436,27.38434393156786
1619,Miravalle,BELEN,17.0,0.14170154554896341,119.97046280716702
1621,Cerro Nutibara,BELEN,13.0,0.5682294717455371,22.87808120910283
1606,Las Playas,BELEN,8.0,0.3380031758031374,23.668416667952926
1611,Loma de los Bernal,BELEN,7.0,0.46606731244787913,15.019289731422258
1601,Fatima,BELEN,63.0,0.417299407901766,150.97073901152157
1616,Las Violetas,BELEN,2.0,0.4887923178917995,4.09171733431933
1608,La Mota,BELEN,6.0,0.44860046992074737,13.374930260460935
1603,Belen,BELEN,89.0,0.5233559511508208,170.0563446432502
1614,La Palma,BELEN,38.0,0.33747573572222156,112.60068792405876
1618,Nueva Villa de Aburra,BELEN,5.0,0.18295447328531433,27.329203327007953
1605,San Bernardo,BELEN,33.0,0.5205880314849752,63.3898553254627
1612,La Gloria,BELEN,32.0,0.6379818583023658,50.15816607254354
1613,Altavista,BELEN,3.0,0.39078861840010076,7.676784478222732
1111,Lorena,LAURELES,139.0,0.42941052258652995,323.6995664725246
1117,Florida Nueva,LAURELES,112.0,0.24613647067571542,455.0321197526225
1112,El Velodromo,LAURELES,81.0,0.3713379659445819,218.1301332708015
1115,Cuarta Brigada,LAURELES,6.0,0.3249904815595069,18.462079169852178
1116,U.D. Atanasio Girardot,LAURELES,6.0,0.43964249891638923,13.64745222490666
1103,Naranjal,LAURELES,87.0,0.4718036088794248,184.39875906552024
1113,El Estadio,LAURELES,108.0,0.3602098788822006,299.8252028377024
1104,San Joaquin,LAURELES,121.0,0.3290011741317029,367.779842486405
1102,Suramericana,LAURELES,48.0,0.4507240549783652,106.49531452743076
1106,Universidad Pontificia Bolivariana,LAURELES,15.0,0.1827566315290873,82.07636502433904
1114,Los Colores,LAURELES,29.0,0.5952006214782388,48.72306740536606
1109,Las Acacias,LAURELES,107.0,0.3262294827112694,327.9899753717255
1101,Carlos E. Restrepo,LAURELES,16.0,0.4969365731325552,32.19726795140129
1107,Bolivariana,LAURELES,257.0,0.3241176099615109,792.922050827534
1105,Los Conquistadores,LAURELES,184.0,0.6113363764555841,300.97996305536105
1108,Laureles,LAURELES,271.0,0.680113689371538,398.46279266988245
1110,La Castellana,LAURELES,42.0,0.5933935266445046,70.77933633266905
1205,La Floresta,LA AMERICA,60.0,0.3800688522177952,157.86613307006152
1201,Ferrini,LA AMERICA,6.0,0.2098389778433475,28.59335315900757
1212,Santa Teresita,LA AMERICA,6.0,0.42222757312775727,14.210346225267777
1202,Calasanz,LA AMERICA,40.0,0.269968444933242,148.16546433747556
1208,Campo Alegre,LA AMERICA,14.0,0.4708427497556067,29.733918611397904
1207,El Danubio,LA AMERICA,18.0,0.16509217874240617,109.02999849608535
1206,Santa Lucia,LA AMERICA,12.0,0.32775482486492297,36.61273332877873
1211,Simon Bolivar,LA AMERICA,55.0,0.34709787594963665,158.45674609654026
1203,Los Pinos,LA AMERICA,24.0,0.21388383239386363,112.21044494753762
1204,La America,LA AMERICA,39.0,0.3979387027358426,98.00504382175855
1210,Barrio Cristobal,LA AMERICA,8.0,0.1489897779331014,53.694958882294046
1209,Santa Monica,LA AMERICA,13.0,0.33645473450570074,38.63818417980899
1213,Calasanz Parte Alta,LA AMERICA,6.0,0.4805150258063107,12.486602245022242
0914,Asomadera No. 1,BUENOS AIRES,31.0,0.6073837034047835,51.03857714032282
0915,Asomadera No. 2,BUENOS AIRES,32.0,0.6289390160863696,50.879336758471304
0904,Los Cerros El Vergel,BUENOS AIRES,11.0,0.30993499083361936,35.49131374425893
0908,Miraflores,BUENOS AIRES,9.0,0.28043943837896274,32.09249045720218
0911,Gerona,BUENOS AIRES,4.0,0.25915907057327003,15.43453598267598
0905,Alejandro Echavarria,BUENOS AIRES,5.0,0.3280694877605413,15.24067365767801
0901,Juan Pablo II,BUENOS AIRES,0.0,0.09233605813915734,0.0
0912,El Salvador,BUENOS AIRES,19.0,0.34033491210949773,55.8273610022325
0916,Asomadera No. 3,BUENOS AIRES,4.0,0.19552373669831635,20.457874156587984
0917,Ocho de Marzo,BUENOS AIRES,0.0,0.057661956899757005,0.0
0909,Cataluna,BUENOS AIRES,14.0,0.39755044140032564,35.21565703885679
0910,La Milagrosa,BUENOS AIRES,1.0,0.18277872765239325,5.471096187417334
0903,Bombona No. 2,BUENOS AIRES,5.0,0.6371753757761899,7.847133128629045
0902,Barrio de Jesus,BUENOS AIRES,3.0,0.4305562448507603,6.967730780539165
0907,Buenos Aires,BUENOS AIRES,34.0,0.2664614979426288,127.5981718278881
0913,Loreto,BUENOS AIRES,6.0,0.5920762032838234,10.13383069058052
0906,Barrio Caicedo,BUENOS AIRES,49.0,0.21534906462482348,227.53755668902835
1013,Barrio Colon,LA CANDELARIA,18.0,0.33537764276565146,53.670840583066784
1008,Corazon de Jesus,LA CANDELARIA,2.0,0.3201534561114965,6.2470042469367595
1012,Perpetuo Socorro,LA CANDELARIA,1.0,0.7152224198463415,1.3981664615810563
1007,Guayaquil,LA CANDELARIA,3.0,0.31620640917456416,9.487473729047114
1020,San Diego,LA CANDELARIA,41.0,0.7609107297998011,53.882799117298916
1014,Las Palmas,LA CANDELARIA,9.0,0.2326020866280012,38.69268814597366
1006,San Benito,LA CANDELARIA,1.0,0.4681227983057415,2.136191622410318
1016,Boston,LA CANDELARIA,71.0,0.5330868051797075,133.18656419579804
1017,Los Angeles,LA CANDELARIA,8.0,0.23529792712038733,33.99944954001612
1004,El Chagualo,LA CANDELARIA,4.0,0.31074422469612145,12.872322901291643
1005,Estacion Villa,LA CANDELARIA,1.0,0.1810855462351149,5.522251890284143
1019,La Candelaria,LA CANDELARIA,53.0,0.6716052773196641,78.91540133740429
1003,Jesus Nazareno,LA CANDELARIA,1.0,0.3228057167843225,3.0978385697801443
1015,Bombona No. 1,LA CANDELARIA,136.0,0.213706948779716,636.385483843979
1018,Villa Nueva,LA CANDELARIA,18.0,0.30585584590111375,58.85125375638424
1011,Calle Nueva,LA CANDELARIA,3.0,0.22040318941957648,13.611418273485004
1001,Prado,LA CANDELARIA,74.0,0.6214674692983277,119.07300648181992
1002,Hospital San Vicente de Paul,LA CANDELARIA,7.0,0.09099809317112706,76.92468881557885
1009,La Alpujarra,LA CANDELARIA,1.0,0.28027187509590035,3.5679641407395266
1010,Centro Administrativo,LA CANDELARIA,0.0,0.13903501130482432,0.0
1311,Belencito,SAN JAVIER,2.0,0.37231654462561087,5.371773102404389
1301,El Pesebre,SAN JAVIER,1.0,0.29528341264134184,3.386576953493231
1312,Betania,SAN JAVIER,0.0,0.37429797574530715,0.0
1309,San Javier No.1,SAN JAVIER,12.0,0.21282349074765192,56.3847531954477
1317,Eduardo Santos,SAN JAVIER,0.0,0.15160244843274395,0.0
1319,El Socorro,SAN JAVIER,1.0,0.1653897647954658,6.046323369748303
1308,San Javier No.2,SAN JAVIER,21.0,0.160103449964632,131.16519353355002
1304,Los Alcazares,SAN JAVIER,15.0,0.2682372764296002,55.92063936697777
1305,Metropolitano,SAN JAVIER,0.0,0.08562830085219099,0.0
1316,El Salado,SAN JAVIER,2.0,0.3900253210995442,5.127872196506827
1303,Santa Rosa de Lima,SAN JAVIER,1.0,0.15027525740047687,6.654455412676782
1315,Nuevos Conquistadores,SAN JAVIER,1.0,0.2660207079271817,3.759105852292265
1313,El Corazon,SAN JAVIER,0.0,0.2260317534780461,0.0
1302,Blanquizal,SAN JAVIER,0.0,0.1681274171266996,0.0
1307,Juan XXIII La Quiebra,SAN JAVIER,0.0,0.39954289453943564,0.0
1310,Veinte de Julio,SAN JAVIER,8.0,0.37761896903014674,21.18537641407874
1306,La Pradera,SAN JAVIER,9.0,0.3296076480313335,27.305191653636726
1314,Las Independencias,SAN JAVIER,0.0,0.21963441959851754,0.0
1318,Antonio Narino,SAN JAVIER,1.0,0.4139619845003673,2.415680756789668
1506,Parque Juan Pablo II,GUAYABAL,17.0,1.4508647719167864,11.71714988815996
1509,Cristo Rey,GUAYABAL,63.0,0.7587515616778235,83.03113058599631
1507,Campo Amor,GUAYABAL,49.0,1.0354158801599955,47.32397960945738
1510,Guayabal,GUAYABAL,22.0,0.7599147978491678,28.9506140191873
1504,Santa Fe,GUAYABAL,28.0,1.0409033637647558,26.899711322604585
1502,Tenche,GUAYABAL,1.0,0.17622788288272564,5.6744709386622425
1503,Trinidad,GUAYABAL,3.0,0.6728486739953228,4.458654844611991
1511,La Colina,GUAYABAL,6.0,0.7030424238274928,8.534335619940105
1501,El Rodeo,GUAYABAL,6.0,0.7728801874827629,7.763169631171086
0207,Villa del Socorro,SANTA CRUZ,1.0,0.25226730233559774,3.9640492078901057
0208,Villa Niza,SANTA CRUZ,0.0,0.14776274088236988,0.0
0202,Playon de Los Comuneros,SANTA CRUZ,0.0,0.210232163178938,0.0
0204,La Frontera,SANTA CRUZ,0.0,0.13966413187994475,0.0
0209,Moscu No. 1,SANTA CRUZ,0.0,0.14872130579010412,0.0
0206,Andalucia,SANTA CRUZ,0.0,0.2680552689569937,0.0
0201,La Isla,SANTA CRUZ,0.0,0.22803759677791263,0.0
0205,La Francia,SANTA CRUZ,3.0,0.2840342276499433,10.562107337631634
0203,Pablo VI,SANTA CRUZ,1.0,0.07700496579087596,12.986175498288272
0210,Santa Cruz,SANTA CRUZ,2.0,0.2596669157306166,7.702174897301272
0211,La Rosa,SANTA CRUZ,0.0,0.16069090785530807,0.0
0309,Versalles No. 1,MANRIQUE,6.0,0.3597000526185838,16.68056469917239
0313,Maria Cano Carambolas,MANRIQUE,0.0,0.27240606494781716,0.0
0305,El Raizal,MANRIQUE,1.0,0.26644374405686777,3.753137472000722
0303,Campo Valdes No. 2,MANRIQUE,8.0,0.3899823032906125,20.51375134845144
0312,Oriente,MANRIQUE,0.0,0.4809753196889544,0.0
0314,San Jose la Cima No. 1,MANRIQUE,0.0,0.15382892599092457,0.0
0307,Manrique Central No. 2,MANRIQUE,1.0,0.19118487172101045,5.23053937792351
0308,Manrique Oriental,MANRIQUE,1.0,0.3926067652338785,2.5470778614940404
0304,Santa Ines,MANRIQUE,0.0,0.28392752499737683,0.0
0301,La Salle,MANRIQUE,0.0,0.39475322419834213,0.0
0302,Las Granjas,MANRIQUE,0.0,0.6194573107718412,0.0
0310,Versalles No. 2,MANRIQUE,0.0,0.19654876600396573,0.0
0306,El Pomar,MANRIQUE,1.0,0.17313694396280654,5.775774812190407
0315,San Jose la Cima No.2,MANRIQUE,0.0,0.1523433810964047,0.0
0311,La Cruz,MANRIQUE,0.0,0.5306234133548079,0.0
0411,Las Esmeraldas,ARANJUEZ,0.0,0.15352011480974628,0.0
0412,La Pinuela,ARANJUEZ,3.0,0.21504178197253587,13.950777251200169
0415,Miranda,ARANJUEZ,9.0,0.22947316491063202,39.22027224187646
0408,San Pedro,ARANJUEZ,0.0,0.24422269095112015,0.0
0417,Parque Norte,ARANJUEZ,0.0,0.28603975036149604,0.0
0409,Manrique Central No. 1,ARANJUEZ,15.0,0.35602597338600445,42.1317575719032
0405,Moravia,ARANJUEZ,1.0,0.5025030982141945,1.9900374814679151
0407,Sevilla,ARANJUEZ,16.0,0.25628488557600526,62.43052517139155
0401,Berlin,ARANJUEZ,3.0,0.3028517581144588,9.905836501256795
0403,Palermo,ARANJUEZ,2.0,0.22379864824681933,8.936604468648413
0404,Bermejal-Los Alamos,ARANJUEZ,9.0,0.16259865570820203,55.35101111875926
0406,Universidad de Antioquia,ARANJUEZ,0.0,0.3125118639938009,0.0
0416,Jardin Botanico,ARANJUEZ,1.0,0.16090922116863074,6.214684234609607
0410,Campo Valdes No. 1,ARANJUEZ,3.0,0.37048781106899825,8.097432386085412
0414,Brasilia,ARANJUEZ,5.0,0.3245372474490916,15.406552065443035
0413,Aranjuez,ARANJUEZ,5.0,0.36365416386319177,13.749326961868698
0402,San Isidro,ARANJUEZ,5.0,0.4193729720798517,11.922561378247245
0725,Nueva Villa de la Iguana,ROBLEDO,0.0,0.07615498258108477,0.0
0702,B. Cerro El Volador,ROBLEDO,3.0,1.1388170317140152,2.6343125510555003
0715,Villa Flora,ROBLEDO,3.0,0.20886624963991202,14.363258808792885
0724,Monteclaro,ROBLEDO,2.0,0.44227468655306346,4.52207657550404
0718,Cucaracho,ROBLEDO,1.0,0.6494259300042979,1.5398214850974337
0707,Bosques de San Pablo,ROBLEDO,6.0,0.2692507726976249,22.284058611553718
0703,San German,ROBLEDO,2.0,0.3672189129096721,5.4463425757484245
0720,Santa Margarita,ROBLEDO,0.0,0.5106080266468191,0.0
0713,Aures No.1,ROBLEDO,1.0,0.7357592973807039,1.3591401475455227
0710,Lopez de Mesa,ROBLEDO,1.0,0.16879395277325035,5.92438285596257
0701,Universidad Nacional,ROBLEDO,0.0,0.462051649613759,0.0
0704,Facultad Veterinaria y Zootecnia,ROBLEDO,0.0,0.0933935609662689,0.0
0716,Palenque,ROBLEDO,1.0,0.39250005686728984,2.5477703315037097
0711,El Diamante,ROBLEDO,1.0,0.3980242003254816,2.512410047384699
0723,Pajarito,ROBLEDO,0.0,0.2749666074112572,0.0
0712,Aures No. 2,ROBLEDO,1.0,0.46090179422902355,2.1696595945623436
0706,La Pilarica,ROBLEDO,7.0,0.3170883074291713,22.07586920108558
0722,Olaya Herrera,ROBLEDO,0.0,0.5245343598247071,0.0
0714,Bello Horizonte,ROBLEDO,0.0,0.17272334412678364,0.0
0717,Robledo,ROBLEDO,4.0,0.5203101483239786,7.6877224341765915
0705,Facultad de Minas,ROBLEDO,0.0,0.32710068222198924,0.0
0709,Cordoba,ROBLEDO,12.0,0.24614750534120983,48.7512558104767
0719,Fuente Clara,ROBLEDO,0.0,0.20027536290134998,0.0
0708,Altamira,ROBLEDO,2.0,0.37685334753743105,5.307104243783717
0813,Villatina,VILLA HERMOSA,0.0,0.43242656611134433,0.0
0806,Llanaditas,VILLA HERMOSA,0.0,0.26323269123796333,0.0
0801,Villa Hermosa,VILLA HERMOSA,2.0,0.3917420529645444,5.105400313458343
0805,Batallon Girardot,VILLA HERMOSA,0.0,0.21571718619054187,0.0
0811,Trece de Noviembre,VILLA HERMOSA,0.0,-0.10627468250459969,-0.0
0803,San Miguel,VILLA HERMOSA,20.0,0.3813349306672402,52.447332755499296
0802,La Mansion,VILLA HERMOSA,6.0,0.2705546868158946,22.17666258386735
0809,Sucre,VILLA HERMOSA,9.0,0.3485887469467614,25.81838937380998
0817,La Sierra,VILLA HERMOSA,0.0,0.2303010126870217,0.0
0815,Las Estancias,VILLA HERMOSA,0.0,0.28847216710361384,0.0
0804,La Ladera,VILLA HERMOSA,1.0,0.5825912971686042,1.7164691694846859
0812,La Libertad,VILLA HERMOSA,0.0,0.2731583899979594,0.0
0810,El Pinal,VILLA HERMOSA,1.0,0.432163421207867,2.313939475037172
0807,Los Mangos,VILLA HERMOSA,0.0,0.43311241627899977,0.0
0819,Villa Liliam,VILLA HERMOSA,0.0,0.1344980493879855,0.0
0808,Enciso,VILLA HERMOSA,2.0,0.31501897216711333,6.348823965240503
0814,San Antonio,VILLA HERMOSA,0.0,0.13425990682046263,0.0
0816,Villa Turbay,VILLA HERMOSA,0.0,0.19015273063121874,0.0
0508,Belalcazar,CASTILLA,0.0,0.1497255363780079,0.0
0509,Girardot,CASTILLA,2.0,0.5097117955052823,3.9237859857988577
0516,Terminal de Transporte,CASTILLA,0.0,0.2803825089326704,0.0
0512,Oleoducto,CASTILLA,0.0,0.2661825603554361,0.0
0517,Caribe,CASTILLA,3.0,0.47317289392197537,6.340177213309877
0501,Toscana,CASTILLA,0.0,0.29226834318161393,0.0
0511,Castilla,CASTILLA,0.0,0.5629532647462223,0.0
0510,Tricentenario,CASTILLA,2.0,0.4340085064260003,4.608204609789153
0513,Francisco Antonio Zea,CASTILLA,1.0,0.2108590540779935,4.742504439150692
0519,El Progreso,CASTILLA,1.0,0.3915328239444675,2.5540642797852207
0514,Alfonso Lopez,CASTILLA,3.0,0.3655270790821037,8.207326273975308
0515,Cementerio Universal,CASTILLA,1.0,0.09679808529313637,10.330782855587193
0502,Las Brisas,CASTILLA,3.0,0.41309044697438535,7.262332067887356
0505,Boyaca,CASTILLA,1.0,0.27635187485103896,3.618575052327858
0503,Florencia,CASTILLA,1.0,0.24794618335135246,4.0331332649833485
0506,Plaza de Ferias,CASTILLA,0.0,0.3082856313636403,0.0
0504,Tejelo,CASTILLA,4.0,0.4318007849214149,9.263531099712974
0507,Hector Abad Gomez,CASTILLA,0.0,0.23277871313206128,0.0
0610,Mirador del Doce,DOCE DE OCTUBRE,0.0,0.04801785034076369,0.0
0611,El Progreso No.2,DOCE DE OCTUBRE,0.0,0.1104900967096122,0.0
0609,Picachito,DOCE DE OCTUBRE,0.0,0.09108827499188026,0.0
0601,Santander,DOCE DE OCTUBRE,0.0,0.42263789345339947,0.0
0606,San Martin de Porres,DOCE DE OCTUBRE,0.0,0.2959960603894307,0.0
0607,Kennedy,DOCE DE OCTUBRE,0.0,0.4940116693930654,0.0
0604,Pedregal,DOCE DE OCTUBRE,2.0,0.5338399944603847,3.7464409200394155
0603,Doce de Octubre No.2,DOCE DE OCTUBRE,2.0,0.41509878452608023,4.818130224793135
0605,La Esperanza,DOCE DE OCTUBRE,0.0,0.38360899033125195,0.0
0608,Picacho,DOCE DE OCTUBRE,0.0,0.4584291948426226,0.0
0612,El Triunfo,DOCE DE OCTUBRE,0.0,0.09989850705337833,0.0
0602,Doce de Octubre No.1,DOCE DE OCTUBRE,0.0,0.4948692801692329,0.0
